CASE_ID,ACCIDENT_YEAR,PROC_DATE,JURIS,COLLISION_DATE,COLLISION_TIME,OFFICER_ID,REPORTING_DISTRICT,DAY_OF_WEEK,CHP_SHIFT,POPULATION,CNTY_CITY_LOC,SPECIAL_COND,BEAT_TYPE,CHP_BEAT_TYPE,CITY_DIVISION_LAPD,CHP_BEAT_CLASS,BEAT_NUMBER,PRIMARY_RD,SECONDARY_RD,DISTANCE,DIRECTION,INTERSECTION,WEATHER_1,WEATHER_2,STATE_HWY_IND,CALTRANS_COUNTY,CALTRANS_DISTRICT,STATE_ROUTE,ROUTE_SUFFIX,POSTMILE_PREFIX,POSTMILE,LOCATION_TYPE,RAMP_INTERSECTION,SIDE_OF_HWY,TOW_AWAY,COLLISION_SEVERITY,NUMBER_KILLED,NUMBER_INJURED,PARTY_COUNT,PRIMARY_COLL_FACTOR,PCF_CODE_OF_VIOL,PCF_VIOL_CATEGORY,PCF_VIOLATION,PCF_VIOL_SUBSECTION,HIT_AND_RUN,TYPE_OF_COLLISION,MVIW,PED_ACTION,ROAD_SURFACE,ROAD_COND_1,ROAD_COND_2,LIGHTING,CONTROL_DEVICE,CHP_ROAD_TYPE,PEDESTRIAN_ACCIDENT,BICYCLE_ACCIDENT,MOTORCYCLE_ACCIDENT,TRUCK_ACCIDENT,NOT_PRIVATE_PROPERTY,ALCOHOL_INVOLVED,STWD_VEHTYPE_AT_FAULT,CHP_VEHTYPE_AT_FAULT,COUNT_SEVERE_INJ,COUNT_VISIBLE_INJ,COUNT_COMPLAINT_PAIN,COUNT_PED_KILLED,COUNT_PED_INJURED,COUNT_BICYCLIST_KILLED,COUNT_BICYCLIST_INJURED,COUNT_MC_KILLED,COUNT_MC_INJURED,PRIMARY_RAMP,SECONDARY_RAMP,LATITUDE,LONGITUDE,COUNTY,CITY,POINT_X,POINT_Y
8336042,2017,3/20/2018,1304,4/1/2017,1724,363,,6,5,4,1304,0,0,0,,0,WEST,IMPERIAL AV,ROSS AV,0,,Y,A,-,N,,,,,,,,,,N,4,0,1,2,A,-,9,21801,A,N,D,C,A,A,H,-,A,A,0,,,,,Y,,A,1,0,0,1,0,0,0,0,0,0,- ,- ,32.7815,-115.5696,IMPERIAL,EL CENTRO,-115.5696901,32.78148002
8391498,2017,6/19/2017,1304,5/23/2017,1318,341,6,2,5,4,1304,0,0,0,,0,EAST,7TH,BROADWAY,0,,Y,A,-,N,,,,,,,,,,Y,4,0,1,4,A,-,9,21802,A,N,D,C,A,A,H,-,A,D,0,,,,,Y,,A,1,0,0,1,0,0,0,0,0,0,- ,- ,,,IMPERIAL,EL CENTRO,-115.5591101,32.7938701
8499958,2017,12/7/2017,1304,11/13/2017,1506,365,,1,5,4,1304,0,0,0,,0,EAST,7TH ST,COMMERCIAL AV,13,E,N,B,-,N,,,,,,,,,,N,4,0,1,2,A,-,9,21800,A,N,D,C,A,A,H,-,A,D,0,,,,,Y,,A,1,0,0,1,0,0,0,0,0,0,- ,- ,,,IMPERIAL,EL CENTRO,-115.55912,32.79488
8508130,2017,6/29/2018,1301,11/7/2017,1718,902,BRAWL,2,5,3,1301,0,0,0,,0,0B2,RT 86,PANNO DR,232,N,N,A,-,Y,IMP,11,86,-,-,19.5,H,-,S,Y,4,0,1,2,A,-,4,21703,,N,C,C,A,A,H,-,C,A,0,,,,,Y,,A,1,0,0,1,0,0,0,0,0,0,- ,- ,,,IMPERIAL,BRAWLEY,-115.5482411,32.96400075
8593326,2018,8/9/2018,1304,2/15/2018,1944,342,EEAS,4,5,4,1304,0,0,0,,0,EAST,RT 86,SMOKETREE,0,,Y,A,-,Y,IMP,11,86,-,-,6.114,I,5,N,Y,4,0,1,2,A,-,9,21802,A,N,D,C,A,A,H,-,C,A,0,,,,,Y,,A,1,0,0,1,0,0,0,0,0,0,- ,- ,32.77519989,-115.5522003,IMPERIAL,EL CENTRO,-115.5522766,32.77537155
91221134,2020,4/6/2020,9625,4/1/2020,1755,22010,,3,2,9,1300,0,1,3,,1,42,SR-98,DREW ROAD,474,E,N,A,-,Y,,,98,,,,,,,Y,2,0,1,1,A,-,1,23152,A,N,E,J,A,A,H,-,A,D,0,,,,,Y,Y,A,1,1,0,0,0,0,0,0,0,0,- ,- ,32.67950821,-115.6672287,IMPERIAL,UNINCORPORATED,-115.6672287,32.67946243
7210040,2016,3/24/2016,1304,2/29/2016,1614,358,,1,5,4,1304,0,0,0,,0,EAST,6TH ST,6TH ST 600,0,,N,A,-,N,,,,,,,,,,Y,4,0,2,2,A,-,7,21658,A,N,-,E,A,A,H,-,A,D,0,,,,,Y,,A,1,0,0,2,0,0,0,0,0,0,- ,- ,32.80274,-115.55708,IMPERIAL,EL CENTRO,-115.5569029,32.78776158
8138018,2016,1/21/2017,1301,8/17/2016,2224,9A12,BRAWL,3,5,3,1301,0,0,0,,0,2,RT 86,LEGION,54,N,N,A,-,Y,IMP,11,86,-,-,19.29,H,-,S,N,2,0,1,2,A,-,11,21955,,N,G,B,D,A,H,-,C,A,0,Y,,,,Y,,N,60,1,0,0,0,1,0,0,0,0,- ,- ,,,IMPERIAL,BRAWLEY,-115.5498319,32.9612494
8164915,2016,11/9/2016,1304,10/17/2016,1332,342,6,1,5,4,1304,0,0,0,,0,EAST,MAIN ST,2ND ST,240,E,N,A,-,N,,,,,,,,,,Y,2,0,2,3,A,-,8,22107,,N,D,C,A,A,H,-,A,D,0,,,,,Y,,-,,1,0,1,0,0,0,0,0,0,- ,- ,,,IMPERIAL,EL CENTRO,-115.5457034,32.79283
8165564,2016,11/14/2016,1306,7/25/2016,1000,410,IMPER,1,5,2,1306,0,0,0,,0,PATROL,ATEN RD,CLARK LN,13,E,N,A,-,N,,,,,,,,,,Y,3,0,1,3,A,-,12,21453,A,N,D,C,A,A,H,-,A,A,0,,,,,Y,,-,,0,1,0,0,0,0,0,0,0,- ,- ,,,IMPERIAL,IMPERIAL,-115.5614879,32.82543
8422747,2017,8/9/2017,1304,6/30/2017,1703,359,,5,5,4,1304,0,0,0,,0,EAST,DOGWOOD RD,AURORA DR,0,,Y,A,-,N,,,,,,,,,,N,4,0,1,2,A,-,3,22350,,N,C,C,A,A,H,-,A,A,0,,,,,Y,,A,1,0,0,1,0,0,0,0,0,0,- ,- ,,,IMPERIAL,EL CENTRO,-115.5353001,32.77783009
8489741,2017,1/12/2018,1302,2/11/2017,530,10005,1302,6,5,4,1302,0,0,0,,0,3,2ND ST,HEFFERNAN AV,0,,Y,A,-,N,,,,,,,,,,N,4,0,1,2,A,-,21,22106,,N,B,D,A,A,H,-,C,A,0,,,,Y,Y,,A,1,0,0,1,0,0,0,0,0,0,- ,- ,,,IMPERIAL,CALEXICO,-115.4949,32.66668012
8554071,2018,8/9/2018,1301,1/27/2018,918,A9,BRAWL,6,5,3,1301,0,0,0,,0,1,RT 86,WESTERN,0,,Y,A,-,Y,IMP,11,86,-,-,20.749,I,5,N,Y,4,0,1,2,D,-,0,,,N,D,C,A,A,H,-,A,A,0,,,,,Y,,-,- ,0,0,1,0,0,0,0,0,0,- ,- ,,,IMPERIAL,BRAWLEY,-115.5436554,32.97865677
8661998,2018,8/17/2018,1304,7/14/2018,2019,365,,6,5,4,1304,0,0,0,,0,EAST,AURORA,5TH,0,,-,A,-,N,,,,,,,,,,N,3,0,1,2,A,-,3,22350,,F,G,B,D,A,H,-,D,D,0,Y,,,,Y,,D,22,0,1,0,0,1,0,0,0,0,- ,- ,32.77840042,-115.5531006,IMPERIAL,EL CENTRO,-115.5546188,32.77845001
8748520,2018,12/14/2018,1304,11/7/2018,807,333,EWEST,3,5,4,1304,0,0,0,,0,WEST,WATERMAN AV,BRIGHTON AV,163,N,N,A,-,N,,,,,,,,,,Y,4,0,1,3,A,-,8,22107,,N,A,C,A,A,H,-,A,D,0,,,,,Y,,A,1,0,0,1,0,0,0,0,0,0,- ,- ,,,IMPERIAL,EL CENTRO,-115.5741196,32.79008484
8800674,2019,5/23/2019,1304,1/7/2019,2147,354,EAST,1,5,4,1304,0,0,0,,0,,4TH ST,WENSLEY,0,,N,A,-,Y,IMP,11,86,-,-,6.704,I,5,S,Y,2,0,1,1,A,-,1,23152,F,N,E,I,A,A,H,-,C,D,0,,,,,Y,,A,1,1,0,0,0,0,0,0,0,0,- ,- ,,,IMPERIAL,EL CENTRO,-115.552475,32.78401566
8854136,2019,5/9/2019,1304,3/31/2019,1801,360,EWEST,7,5,4,1304,0,0,0,,0,WEST,LA BRUCHERIE,OCOTILLO,426,S,N,A,-,N,,,,,,,,,,N,3,0,1,2,A,-,11,21955,,M,A,B,E,A,H,-,A,A,0,Y,,,,Y,Y,N,60,0,1,0,0,1,0,0,0,0,- ,- ,,,IMPERIAL,EL CENTRO,-115.5783539,32.7762146
8900138,2019,7/30/2019,1304,7/15/2019,1931,340,E1,1,5,4,1304,0,0,0,,0,WEST,PICO,12TH,0,W,N,A,-,N,,,,,,,,,,N,3,0,1,2,A,-,8,22107,,N,C,E,A,A,H,-,A,D,0,,,,,Y,,A,1,0,1,0,0,0,0,0,0,0,- ,- ,,,IMPERIAL,EL CENTRO,-115.5656815,32.80564117
8900357,2019,7/24/2019,1301,5/10/2019,1036,917,BRAWL,5,5,3,1301,0,0,0,,0,0B4,J ST,13TH ST,137,E,N,A,-,N,,,,,,,,,,N,3,0,1,1,A,-,3,22350,,N,E,H,A,A,H,-,A,D,0,,,Y,,Y,,C,2,0,1,0,0,0,0,0,0,1,- ,- ,,,IMPERIAL,BRAWLEY,-115.5193863,32.9742012
8924035,2018,9/13/2019,1302,1/3/2018,1601,561,1302,3,5,4,1302,0,0,0,,0,2,IMPERIAL AV,LINCOLN ST,20,S,N,A,-,Y,IMP,11,111,-,-,0.908,I,5,N,Y,3,0,1,2,A,-,8,22107,,N,D,C,A,A,H,-,A,D,0,,,Y,,Y,,A,1,0,1,0,0,0,0,0,0,1,- ,- ,,,IMPERIAL,CALEXICO,-115.4986801,32.67508316
8927117,2019,6/16/2020,1302,2/27/2019,823,CX014,1302,3,5,4,1302,0,0,0,,0,0C1,RT 98,DAVID NAVARRO AV,0,,Y,A,-,Y,IMP,11,98,-,-,31.136,I,5,W,Y,4,0,1,2,A,-,9,21800,A,F,D,D,A,A,H,-,A,A,0,,,,,Y,,D,22,0,0,1,0,0,0,0,0,0,- ,- ,,,IMPERIAL,CALEXICO,-115.5189972,32.67919922
8929057,2019,9/10/2019,1302,3/6/2019,1911,CX186,1302,3,5,4,1302,0,0,0,,0,2,HEFFERNAN AV,5TH ST,0,,Y,A,-,N,,,,,,,,,,Y,4,0,1,2,A,-,9,21803,A,N,D,C,A,A,H,-,C,A,0,,,,,Y,,A,1,0,0,1,0,0,0,0,0,0,- ,- ,,,IMPERIAL,CALEXICO,-115.4948883,32.66983032
8950401,2019,10/10/2019,1301,9/1/2019,1137,9A4,BRAWL,7,5,3,1301,0,0,0,,0,2,B ST,8TH ST,27,W,N,A,-,N,,,,,,,,,,Y,4,0,1,2,A,-,3,22350,,N,C,C,A,A,H,-,A,A,0,,,,,Y,,A,1,0,0,1,0,0,0,0,0,0,- ,- ,,,IMPERIAL,BRAWLEY,-115.5293579,32.9830513
8957537,2019,10/22/2019,1304,8/14/2019,1959,335,EWEST,3,5,4,1304,0,0,0,,0,WEST,ADAMS AV,ADAMS AV 1600,0,,Y,A,-,N,,,,,,,,,,N,2,0,1,2,A,-,9,21804,A,N,D,G,A,A,H,-,C,D,0,,Y,,,Y,,L,4,1,0,0,0,0,0,1,0,0,- ,- ,,,IMPERIAL,EL CENTRO,,
8964535,2018,10/30/2019,1302,3/4/2018,2041,565,1302,7,5,4,1302,0,0,0,,0,3,RT 111,E 2ND ST,0,,Y,A,-,N,,,,,,,,,,N,3,0,1,2,A,-,11,21451,C,F,A,B,B,A,H,-,B,A,0,Y,,,Y,Y,,F,21,0,1,0,0,1,0,0,0,0,- ,- ,,,IMPERIAL,CALEXICO,-115.4986725,32.66669083
8964539,2018,11/12/2019,1302,2/14/2018,752,CX118,1302,3,5,4,1302,0,0,0,,0,2,RT 98,PAULIN AV,0,,Y,A,-,Y,IMP,11,98,-,-,32.405,I,5,W,N,4,0,2,2,A,-,9,21804,A,N,D,C,A,-,H,-,A,A,0,,,Y,,Y,,A,1,0,0,2,0,0,0,0,0,0,- ,- ,,,IMPERIAL,CALEXICO,-115.4972076,32.67912292
9003639,2019,7/9/2020,1304,11/7/2019,1753,332,EWEST,4,5,4,1304,0,0,0,,0,WEST,IMPERIAL,RAIL RD,0,,Y,A,-,Y,IMP,11,86,-,-,7.53,H,-,N,Y,4,0,1,3,A,-,4,21703,,N,C,-,A,A,H,-,C,D,0,,,,,Y,,-,,0,0,1,0,0,0,0,0,0,- ,- ,,,IMPERIAL,EL CENTRO,-115.5699463,32.79981232
90106394,2016,2/1/2016,9625,1/21/2016,1822,18617,,4,2,9,1300,0,1,3,,1,12,STATE ROUTE 86 NORTHBOUND,TREADWELL BLVD,0,,Y,A,-,Y,,,86,,,,,,N,Y,4,0,2,2,A,-,9,21802,A,N,A,C,A,A,H,-,C,A,0,,,,,Y,,D,22,0,0,2,0,0,0,0,0,0,- ,- ,33.32741,-115.99995,IMPERIAL,UNINCORPORATED,-115.9999279,33.32742637
90108025,2016,2/3/2016,9625,1/30/2016,549,18207,,6,3,9,1300,0,3,5,,2,50,KLOKE ROAD,COLE ROAD,1056,S,N,A,-,N,,,,,,,,,,Y,2,0,1,1,A,-,8,22107,,N,F,I,A,A,H,-,D,D,0,,,,,Y,,D,22,1,0,0,0,0,0,0,0,0,- ,- ,32.68769,-115.51644,IMPERIAL,UNINCORPORATED,-115.5166162,32.69110791
90126673,2016,3/1/2016,9625,2/27/2016,1845,18468,,6,2,9,1300,0,3,5,,2,40,MCCABE ROAD,STATE ROUTE 86,885,W,N,A,-,N,,,,,,,,,,N,4,0,1,2,A,-,9,21801,A,N,A,C,A,A,H,-,D,D,0,,,,,Y,,A,1,0,0,1,0,0,0,0,0,0,- ,- ,32.75238,-115.54888,IMPERIAL,UNINCORPORATED,-115.5546923,32.75238631
90156180,2016,4/12/2016,9625,4/4/2016,1420,20516,,1,2,9,1300,0,1,3,,1,11,SR-86 (S/B),BANNISTER ROAD,5280,N,N,A,-,Y,,,86,,,,,,,Y,2,0,1,2,A,-,3,22350,,N,C,C,A,A,H,-,A,D,0,,,,Y,Y,,G,27,1,0,0,0,0,0,0,0,0,- ,- ,33.06398,-115.73147,IMPERIAL,UNINCORPORATED,-115.7314073,33.06403832
90174511,2016,5/6/2016,9625,5/5/2016,1214,13627,,4,1,9,1300,0,3,5,,2,50,HOLT ROAD,HARRIS ROAD,0,,N,A,G,N,,,,,,,,,,N,4,0,1,1,A,-,8,22107,,N,F,A,A,A,H,-,A,D,0,,,,,Y,,D,22,0,0,1,0,0,0,0,0,0,- ,- ,32.87727,-115.51212,IMPERIAL,UNINCORPORATED,-115.3803501,32.88363004
90193001,2016,6/2/2016,9625,5/25/2016,1750,18368,,3,2,9,1300,0,1,1,,2,1,I-8 E/B,BOULDER CREEK BRIDGE 58-295R,102,W,N,A,G,Y,,,8,,,,,,E,Y,4,0,1,1,A,-,8,22107,,N,E,I,A,A,H,-,A,A,0,,,,Y,Y,,G,25,0,0,1,0,0,0,0,0,0,- ,- ,32.65656,-116.09701,IMPERIAL,UNINCORPORATED,-116.0971097,32.65658618
90230241,2016,7/26/2016,9625,7/20/2016,515,19668,,3,3,9,1300,0,1,3,,1,44,SR-86 N/B,WEAVER RD,40,S,N,A,-,Y,,,86,,,,,,N,Y,3,0,1,1,A,-,8,22107,,N,F,A,A,A,H,-,B,D,0,,,,,Y,,A,7,0,1,0,0,0,0,0,0,0,- ,- ,32.94497,-115.56992,IMPERIAL,UNINCORPORATED,-115.5700956,32.94497031
90230930,2016,7/26/2016,9625,7/25/2016,2025,18464,,1,2,9,1300,0,1,3,,1,12,SR-86,TREADWELL BLVD,2112,N,N,A,-,Y,,,86,,,,,,,Y,4,0,1,1,C,-,18,,,N,E,I,A,A,H,-,D,D,0,,,,,Y,,-,- ,0,0,1,0,0,0,0,0,0,- ,- ,33.32857,-116.00058,IMPERIAL,UNINCORPORATED,-116.0007068,33.32847415
90269023,2016,9/16/2016,9625,9/9/2016,1352,18978,,5,1,9,1300,0,1,3,,1,54,STATE ROUTE 111 (N/B),EVAN HEWES HIGHWAY,216,S,N,A,-,Y,,,111,,,,,,,N,4,0,1,2,A,-,21,22106,,N,C,C,A,A,H,-,A,A,0,,,,,Y,,D,22,0,0,1,0,0,0,0,0,0,- ,- ,32.79899,-115.50048,IMPERIAL,UNINCORPORATED,-115.5006285,32.79898994
90285453,2016,10/6/2016,9625,9/29/2016,1810,18468,,4,2,9,1300,0,3,5,,2,50,OLD HIGHWAY 111,ATEN ROAD,2035,N,N,A,-,Y,,,,,,,,,,Y,3,0,2,1,A,-,3,22350,,N,E,I,A,A,H,-,A,D,0,,,,,Y,,A,1,0,2,0,0,0,0,0,0,0,- ,- ,32.83147,-115.50152,IMPERIAL,UNINCORPORATED,-115.5012453,32.83133087
90285995,2016,10/6/2016,9625,10/3/2016,945,13627,,1,1,9,1300,0,1,3,,2,53,STATE ROUTE 111 (S/B),JASPER ROAD,230,N,N,A,-,Y,,,111,,,,,,,N,4,0,2,2,A,-,3,22350,,N,C,C,A,A,H,-,A,D,0,,,,,Y,,A,1,0,0,2,0,0,0,0,0,0,- ,- ,32.70926,-115.49991,IMPERIAL,UNINCORPORATED,-115.4994263,32.70926435
9029353,2020,6/10/2020,1304,1/4/2020,2000,358,EEAST,6,5,4,1304,0,0,0,,0,EAST,ADAMS,6TH,96,E,N,A,-,N,,,,,,,,,,Y,3,0,1,2,A,-,1,23152,A,N,C,C,A,A,H,-,C,-,0,,,,,Y,Y,-,,0,1,0,0,0,0,0,0,0,- ,- ,,,IMPERIAL,EL CENTRO,-115.5567703,32.79653168
90298996,2016,10/24/2016,9625,10/11/2016,640,16248,,2,1,9,1300,0,1,3,,1,44,SR-86 (S/B),LARSEN ROAD,0,,Y,A,-,Y,,,86,,,,,,,Y,3,0,1,2,A,-,9,21802,A,N,D,C,A,A,H,-,A,A,0,,,,,Y,,D,22,0,1,0,0,0,0,0,0,0,- ,- ,32.87665,-115.57032,IMPERIAL,UNINCORPORATED,-115.5702364,32.87664988
90311847,2016,11/4/2016,9625,9/24/2016,111,18773,,6,3,4,1304,0,1,1,,2,4,I-8 W/B TO IMPERIAL AVE N/B,IMPERIAL AVENUE,1056,E,N,A,-,Y,,,8,,,,R,,W,Y,1,1,0,1,A,-,1,23152,A,N,F,A,A,A,H,-,D,D,0,,,,,Y,Y,A,1,0,0,0,0,0,0,0,0,0,- ,- ,32.77478,-115.56908,IMPERIAL,EL CENTRO,-115.56908,32.77478
90321738,2016,11/17/2016,9625,11/10/2016,715,13781,,4,1,9,1300,0,3,5,,2,40,MCCABE ROAD,LA BRUCHERIE ROAD,130,E,N,A,-,N,,,,,,,,,,N,4,0,1,2,A,-,21,22106,,N,C,C,A,A,H,-,A,A,0,,,,,Y,,A,1,0,0,1,0,0,0,0,0,0,- ,- ,32.75246,-115.57731,IMPERIAL,UNINCORPORATED,-115.5773503,32.75244117
90327500,2016,11/22/2016,9625,11/15/2016,625,13627,,2,1,9,1300,0,1,1,,2,5,INTERSTATE 8 (E/B),STATE ROUTE 98,4752,W,N,A,-,Y,,,8,,,,,,,Y,4,0,1,1,A,-,8,22107,,N,E,J,A,A,D,-,B,A,0,,,,,Y,,A,1,0,0,1,0,0,0,0,0,0,- ,- ,32.71511,-115.10368,IMPERIAL,UNINCORPORATED,-115.1036831,32.71510057
90353386,2016,12/27/2016,9625,12/14/2016,1904,19582,,3,2,9,1300,0,1,3,,2,53,SR-111 S/B,HEBER ROAD,54,N,N,A,-,Y,,,111,,,,,,S,Y,4,0,3,3,A,-,7,21658,A,N,B,C,A,A,H,-,C,A,0,,,,,Y,,A,7,0,0,3,0,0,0,0,0,0,- ,- ,32.73008,-115.50033,IMPERIAL,UNINCORPORATED,-115.5003985,32.73007897
90353577,2016,12/27/2016,9626,12/15/2016,600,16278,,4,1,9,1300,0,1,S,,2,11,SR-86 N/B,BANNISTER ROAD,119,N,N,B,-,Y,,,86,,,,,,N,Y,3,0,2,2,A,-,9,21802,A,N,C,C,A,A,H,-,B,D,0,,,,,Y,,D,22,0,1,1,0,0,0,0,0,0,- ,- ,33.05231,-115.72174,IMPERIAL,UNINCORPORATED,-115.7217873,33.05226397
90355819,2016,12/28/2016,9625,12/22/2016,1427,18468,,4,2,9,1300,0,2,4,,2,46,DOGWOOD ROAD,NECKEL ROAD,0,,Y,B,C,N,,,,,,,,,,Y,4,0,1,2,A,-,9,21801,A,N,B,C,A,B,H,-,A,D,0,,,,,Y,,D,22,0,0,1,0,0,0,0,0,0,- ,- ,32.8618,-115.53564,IMPERIAL,UNINCORPORATED,-115.5355901,32.86178005
9036663,2019,2/10/2020,1304,12/11/2019,1251,361,ELCE,3,5,4,1304,0,0,0,,0,WEST,LA BRUCHERIE,EUCLID,0,,Y,A,-,N,,,,,,,,,,Y,4,0,1,2,A,-,9,21801,A,N,D,C,A,A,H,-,A,A,0,,,,,Y,,A,1,0,0,1,0,0,0,0,0,0,- ,- ,,,IMPERIAL,EL CENTRO,-115.5786819,32.79838181
90378038,2017,1/26/2017,9625,1/14/2017,1400,20704,,6,2,9,1300,0,3,5,,2,50,KAVANAUGH ROAD,HIGHLINE ROAD,293,E,N,A,-,N,,,,,,,,,,Y,4,0,2,1,A,-,1,23152,A,N,E,I,A,A,H,-,A,D,0,,,,,Y,Y,A,1,0,0,2,0,0,0,0,0,0,- ,- ,32.81112,-115.31,IMPERIAL,UNINCORPORATED,-115.3098522,32.81107819
90439317,2017,4/21/2017,9625,4/17/2017,30,19225,,1,3,9,1300,0,1,3,,2,25,SR-78,TED KIPF ROAD,15840,E,N,A,-,Y,,,78,,,,,,,Y,3,0,1,1,A,-,8,22107,,N,F,A,A,A,H,-,D,D,0,,,,,Y,,D,22,0,1,0,0,0,0,0,0,0,- ,- ,33.01432,-115.02141,IMPERIAL,UNINCORPORATED,-115.0214094,33.01504223
9044922,2020,10/16/2020,1304,2/7/2020,1814,359,EWEST,5,5,4,1304,0,0,0,,0,WEST,IMPERIAL AV,VILLA,0,N,N,A,-,Y,IMP,11,86,-,-,7.86,H,-,N,Y,3,0,1,4,A,-,4,21703,,N,C,C,A,A,H,-,D,A,0,,,,,Y,,A,1,0,1,0,0,0,0,0,0,0,- ,- ,,,IMPERIAL,EL CENTRO,-115.5698853,32.80449295
90462183,2017,5/23/2017,9625,5/19/2017,1505,18464,,5,2,9,1300,0,1,3,,2,53,SR-111 (N/B),HEBER ROAD,771,S,N,A,-,Y,,,111,,,,,,,Y,4,0,3,4,A,-,3,22350,,M,C,C,A,A,H,-,A,A,0,,,,,Y,,A,1,0,0,3,0,0,0,0,0,0,- ,- ,32.72852,-115.50028,IMPERIAL,UNINCORPORATED,-115.5003758,32.72851869
90468580,2017,5/31/2017,9625,5/19/2017,1455,18792,,5,2,9,1300,0,2,4,,2,46,DOGWOOD ROAD,HARRIS ROAD,2270,S,N,A,-,N,,,,,,,,,,Y,3,0,1,1,A,-,8,22107,,N,F,A,A,A,H,-,A,D,0,,,,,Y,,A,1,0,1,0,0,0,0,0,0,0,- ,- ,32.87776,-115.53547,IMPERIAL,UNINCORPORATED,-115.5355628,32.8774464
90472982,2017,6/7/2017,9625,6/3/2017,1120,17809,,6,1,9,1300,0,1,3,,1,54,STATE ROUTE 111 S/B,EVAN HEWES HIGHWAY,80,N,N,A,-,Y,,,111,,,,,,S,N,4,0,1,2,A,-,3,22350,,N,C,C,A,A,H,-,A,A,0,,,,,Y,,D,22,0,0,1,0,0,0,0,0,0,- ,- ,32.80014,-115.5007,IMPERIAL,UNINCORPORATED,-115.5005581,32.80013584
90475802,2017,6/12/2017,9625,6/5/2017,1805,18279,,1,2,9,1300,0,3,5,,2,50,NORRISH RD,HOLT RD,1584,E,N,A,-,N,,,,,,,,,,Y,3,0,1,1,A,-,8,22107,,N,E,I,A,A,H,-,A,D,0,,,,,Y,,A,1,0,1,0,0,0,0,0,0,0,- ,- ,32.83277,-115.37444,IMPERIAL,UNINCORPORATED,-115.3751537,32.83276777
90483726,2017,6/22/2017,9625,6/12/2017,105,20111,,1,3,9,1300,0,3,5,,2,20,EDDINS RD,SPERRY ROAD,528,E,N,A,-,N,,,,,,,,,,Y,3,0,1,1,A,-,8,22107,,N,E,I,A,A,H,-,D,D,0,,,,,Y,,D,22,0,1,0,0,0,0,0,0,0,- ,- ,33.12602,-115.5387,IMPERIAL,UNINCORPORATED,-115.5389351,33.125724
90502852,2017,7/18/2017,9625,7/13/2017,545,18773,,4,3,9,1300,0,1,3,,1,21,SR-111 SOUTHBOUND,BEACH ROAD,2112,N,N,A,-,Y,,,111,,,,,,S,Y,4,0,2,1,A,-,8,22107,,N,F,A,A,A,H,-,B,A,0,,,,,Y,,A,1,0,0,2,0,0,0,0,0,0,- ,- ,33.26808,-115.56518,IMPERIAL,UNINCORPORATED,-115.5651392,33.26811302
90523055,2017,8/14/2017,9625,8/3/2017,1600,20516,,4,2,9,1300,0,1,1,,2,5,I-8 (E/B),SR-111,5280,W,N,B,C,Y,,,8,,,,,,,Y,4,0,1,2,A,-,3,22350,,N,C,C,A,B,H,-,A,D,0,,,,,Y,,A,1,0,0,1,0,0,0,0,0,0,- ,- ,32.77373,-115.5175,IMPERIAL,UNINCORPORATED,-115.5175,32.77373181
90538231,2017,8/31/2017,9625,8/25/2017,1740,19035,,5,2,9,1300,0,1,1,,2,5,I-8 E/B,DOGWOOD RD,450,E,N,A,-,Y,,,8,,,,,,E,Y,4,0,3,2,A,-,3,22350,,N,C,C,A,A,H,-,A,D,0,,,,,Y,,A,7,0,0,3,0,0,0,0,0,0,- ,- ,32.7736,-115.5242,IMPERIAL,UNINCORPORATED,-115.5241998,32.7737309
90555371,2017,9/25/2017,9625,9/18/2017,1635,17809,,1,2,9,1300,0,1,3,,1,12,SR-86 N/B,SOUTH MARINA DRIVE,100,S,N,A,-,Y,,,86,,,,,,N,Y,3,0,6,3,A,-,3,22350,,N,C,C,A,A,H,-,A,A,0,,,,,Y,,D,22,0,1,5,0,0,0,0,0,0,- ,- ,33.27869,-115.96412,IMPERIAL,UNINCORPORATED,-115.96387,33.27888057
90562245,2017,10/3/2017,9625,9/24/2017,430,20516,,7,3,9,1300,0,1,1,,2,1,I-8 (E/B),IN KO PAH ROAD,2112,E,N,A,-,Y,,,8,,,,,,,Y,4,0,1,1,A,-,8,22107,,N,F,I,A,A,H,-,D,D,0,,,,,Y,,A,1,0,0,1,0,0,0,0,0,0,- ,- ,32.64811,-116.10336,IMPERIAL,UNINCORPORATED,-116.1035069,32.64821464
90602018,2017,11/27/2017,9620,11/18/2017,1535,18290,,6,2,9,1300,0,1,3,,1,63,SR-78 W/B,BUTLER RD,983,E,N,A,-,Y,,,78,,,,,,W,Y,3,0,1,1,A,-,1,23152,A,N,F,A,A,A,H,-,A,D,0,,,,,Y,Y,D,22,0,1,0,0,0,0,0,0,0,- ,- ,33.40683,-114.73066,IMPERIAL,UNINCORPORATED,-114.7306905,33.4068092
90612367,2017,12/7/2017,9625,12/3/2017,1230,17727,,7,1,9,1300,0,1,3,,2,52,SR-98,BONDS CORNER ROAD,1335,E,N,A,-,Y,,,98,,,,,,,Y,3,0,1,1,A,-,8,22107,,N,F,A,A,A,H,-,A,D,0,,,,,Y,,D,22,0,1,0,0,0,0,0,0,0,- ,- ,32.694,-115.3326,IMPERIAL,UNINCORPORATED,-115.3326,32.69385306
90617442,2017,12/14/2017,9625,12/9/2017,1534,18207,,6,2,9,1300,0,3,5,,2,10,SOUTH MARINA DRIVE,RIVIERA CIRCLE,15,N,N,A,-,N,,,,,,,,,,Y,3,0,1,2,A,-,3,22350,,N,C,C,A,A,H,-,B,D,0,,,,,Y,,A,1,0,1,0,0,0,0,0,0,0,- ,- ,33.28364,-115.9617,IMPERIAL,UNINCORPORATED,-115.9616045,33.28349917