CASE_ID,ACCIDENT_YEAR,PROC_DATE,JURIS,COLLISION_DATE,COLLISION_TIME,OFFICER_ID,REPORTING_DISTRICT,DAY_OF_WEEK,CHP_SHIFT,POPULATION,CNTY_CITY_LOC,SPECIAL_COND,BEAT_TYPE,CHP_BEAT_TYPE,CITY_DIVISION_LAPD,CHP_BEAT_CLASS,BEAT_NUMBER,PRIMARY_RD,SECONDARY_RD,DISTANCE,DIRECTION,INTERSECTION,WEATHER_1,WEATHER_2,STATE_HWY_IND,CALTRANS_COUNTY,CALTRANS_DISTRICT,STATE_ROUTE,ROUTE_SUFFIX,POSTMILE_PREFIX,POSTMILE,LOCATION_TYPE,RAMP_INTERSECTION,SIDE_OF_HWY,TOW_AWAY,COLLISION_SEVERITY,NUMBER_KILLED,NUMBER_INJURED,PARTY_COUNT,PRIMARY_COLL_FACTOR,PCF_CODE_OF_VIOL,PCF_VIOL_CATEGORY,PCF_VIOLATION,PCF_VIOL_SUBSECTION,HIT_AND_RUN,TYPE_OF_COLLISION,MVIW,PED_ACTION,ROAD_SURFACE,ROAD_COND_1,ROAD_COND_2,LIGHTING,CONTROL_DEVICE,CHP_ROAD_TYPE,PEDESTRIAN_ACCIDENT,BICYCLE_ACCIDENT,MOTORCYCLE_ACCIDENT,TRUCK_ACCIDENT,NOT_PRIVATE_PROPERTY,ALCOHOL_INVOLVED,STWD_VEHTYPE_AT_FAULT,CHP_VEHTYPE_AT_FAULT,COUNT_SEVERE_INJ,COUNT_VISIBLE_INJ,COUNT_COMPLAINT_PAIN,COUNT_PED_KILLED,COUNT_PED_INJURED,COUNT_BICYCLIST_KILLED,COUNT_BICYCLIST_INJURED,COUNT_MC_KILLED,COUNT_MC_INJURED,PRIMARY_RAMP,SECONDARY_RAMP,LATITUDE,LONGITUDE,COUNTY,CITY,POINT_X,POINT_Y
8894966,2019,8/19/2019,1304,6/17/2019,1149,327,EAST,1,5,4,1304,0,0,0,,0,EAST,DANEN BERG,PLAZA,0,,Y,A,-,N,,,,,,,,,,Y,3,0,1,3,D,-,0,,,N,F,C,A,A,H,-,A,A,0,,,,,Y,,-,- ,0,1,0,0,0,0,0,0,0,- ,- ,,,IMPERIAL,EL CENTRO,-115.5325775,32.76691055
8905426,2019,5/28/2020,1302,4/24/2019,2222,567,,3,5,4,1302,0,0,0,,0,,RT 111,RT 98,0,,Y,A,-,Y,IMP,11,111,-,R,1.204,H,-,S,N,4,0,2,2,A,-,3,22350,,N,C,C,A,A,H,-,C,A,0,,,,,Y,,A,1,0,0,2,0,0,0,0,0,0,- ,- ,,,IMPERIAL,CALEXICO,-115.4987488,32.67938614
8910963,2019,6/2/2021,1301,11/8/2019,1724,903,BRAWL,5,5,3,1301,0,0,0,,0,2,RT 86,S WESTERN,601,N,N,A,-,Y,IMP,11,86,-,-,20.18,H,-,N,N,1,1,0,2,A,-,11,21950,B,N,G,B,D,A,H,-,C,D,0,Y,,,,Y,,N,60,0,0,0,1,0,0,0,0,0,- ,- ,,,IMPERIAL,BRAWLEY,-115.5424194,32.97236633
8917242,2019,8/15/2019,1301,4/18/2019,1647,917,BRAWL,4,5,3,1301,0,0,0,,0,,A ST,7TH ST,0,,Y,A,-,N,,,,,,,,,,N,3,0,1,2,A,-,10,21950,A,N,G,G,A,A,H,-,A,A,0,,Y,,,Y,,L,4,0,1,0,0,0,0,1,0,0,- ,- ,32.98410034,-115.5311966,IMPERIAL,BRAWLEY,-115.5311508,32.98414993
8921340,2018,9/6/2019,1302,2/28/2018,731,I0005,1302,3,5,4,1302,0,0,0,,0,4,COLE RD,RT 111,352,E,N,A,-,N,,,,,,,,,,N,4,0,1,2,A,-,3,22350,,N,C,C,A,A,H,-,A,D,0,,,,,Y,,A,1,0,0,1,0,0,0,0,0,0,- ,- ,,,IMPERIAL,CALEXICO,-115.499382,32.69398117
8924016,2018,9/13/2019,1302,10/9/2018,1957,561,1302,2,5,4,1302,0,0,0,,0,CX1,RT 98,LIGHT POLE #1057267H,25,N,N,A,-,Y,IMP,11,98,-,-,31.4,H,-,E,Y,4,0,1,3,A,-,3,22350,,N,C,C,A,-,H,-,A,A,0,,,,,Y,,-,,0,0,1,0,0,0,0,0,0,- ,- ,,,IMPERIAL,CALEXICO,-115.5144577,32.67917252
8924032,2018,9/17/2019,1302,10/31/2018,1938,561,1302,3,5,4,1302,0,0,0,,0,CX4,RT 98,BOWKER RD,0,,Y,A,-,Y,IMP,11,98,-,-,3.446,I,5,W,Y,2,0,4,2,A,-,8,22107,,N,A,C,A,A,H,-,D,D,0,,,,,Y,,A,1,1,0,3,0,0,0,0,0,0,- ,- ,,,IMPERIAL,CALEXICO,-115.963089,32.7215538
8924134,2018,9/12/2019,1302,4/12/2018,1824,I0005,1302,4,5,4,1302,0,0,0,,0,4,RT 111,RT 98,600,N,N,A,-,Y,IMP,11,111,-,R,1.67,H,-,S,Y,4,0,3,2,A,-,3,22350,,N,C,C,A,A,H,-,A,D,0,,,,,Y,,A,1,0,0,3,0,0,0,0,0,0,- ,- ,,,IMPERIAL,CALEXICO,-115.4991913,32.68615341
8929041,2019,9/10/2019,1302,2/25/2019,1515, CX527,1302,1,5,4,1302,0,0,0,,0,4,COLE RD,VAN DE GRAAF ST,217,E,N,A,-,N,,,,,,,,,,N,4,0,1,2,A,-,11,21950,B,N,G,B,D,A,H,-,A,A,0,Y,,,,Y,,N,60,0,0,1,0,1,0,0,0,0,- ,- ,,,IMPERIAL,CALEXICO,-115.5011063,32.69397354
8967858,2019,11/14/2019,1304,9/3/2019,1239,327,EWEST,2,5,4,1304,0,0,0,,0,WEST,N 8TH ST,PICO,0,,Y,A,-,N,,,,,,,,,,Y,3,0,1,3,-,-,- ,,,N,D,C,A,A,H,-,A,A,0,,,,,Y,,-,- ,0,1,0,0,0,0,0,0,0,- ,- ,32.80570984,-115.56147,IMPERIAL,EL CENTRO,-115.561409,32.8056488
8969693,2019,12/6/2019,1304,9/18/2019,1739,361,ELCE,3,5,4,1304,0,0,0,,0,EAST,DOGWOOD,ROSS,8,W,N,A,-,N,,,,,,,,,,N,4,0,3,4,A,-,3,22350,,N,C,C,A,A,H,-,A,A,0,,,,,Y,,-,,0,0,3,0,0,0,0,0,0,- ,- ,32.77962875,-115.5353088,IMPERIAL,EL CENTRO,-115.5353775,32.78151321
8969701,2019,11/19/2019,1304,9/24/2019,1309,E0145,ELCE,2,5,4,1304,0,0,0,,0,WEST,N IMPERIAL,N IMPERIAL 400,0,,Y,A,-,N,,,,,,,,,,N,4,0,3,2,A,-,4,21703,,N,C,C,A,A,H,-,A,A,0,,,,,Y,,A,1,0,0,3,0,0,0,0,0,0,- ,- ,32.79624176,-115.5698776,IMPERIAL,EL CENTRO,,
8974418,2019,11/27/2019,1304,9/24/2019,1324,E0042,,2,5,4,1304,0,0,0,,0,WEST,ADAMS AV,WILSON ST,0,,Y,A,-,N,,,,,,,,,,Y,3,0,1,3,A,-,9,21802,A,N,-,C,A,A,H,-,A,A,0,,,,,Y,,-,,0,1,0,0,0,0,0,0,0,- ,- ,,,IMPERIAL,EL CENTRO,-115.5666428,32.7965889
8974459,2019,5/20/2020,1304,9/26/2019,946,357,,4,5,4,1304,0,0,0,,0,EAST,4TH ST,AURORA DR,160,N,N,A,-,Y,IMP,11,86,-,-,6.36,H,-,N,Y,2,0,2,2,A,-,9,21801,A,N,D,C,A,A,H,-,A,D,0,,,Y,,Y,,A,1,1,0,1,0,0,0,0,0,1,- ,- ,,,IMPERIAL,EL CENTRO,-115.5523758,32.77896118
8981719,2019,11/22/2019,1304,10/8/2019,1107,327,EEAST,2,5,4,1304,0,0,0,,0,EAST,5TH,N 5TH ST,0,,Y,A,-,N,,,,,,,,,,N,3,0,1,2,A,-,5,21650,,N,D,G,A,A,H,-,A,D,0,,Y,,,Y,,L,4,0,1,0,0,0,0,1,0,0,- ,- ,32.79333115,-115.5548782,IMPERIAL,EL CENTRO,-115.5549469,32.79927826
90099475,2016,1/21/2016,9625,1/10/2016,1517,18792,,7,2,9,1300,0,3,5,,2,50,PITZER ROAD,CHICK ROAD,30,N,N,A,-,N,,,,,,,,,,Y,4,0,1,1,A,-,12,22450,A,N,E,I,A,A,H,-,A,A,0,,,,,Y,,A,1,0,0,1,0,0,0,0,0,0,- ,- ,32.76697,-115.5176,IMPERIAL,UNINCORPORATED,-115.5180217,32.76700197
90100531,2016,1/22/2016,9620,1/15/2016,1020,15941,,5,1,9,1300,0,2,4,,1,61,OGILBY ROAD,WALKER WAY,11616,N,N,A,-,N,,,,,,,,,,Y,2,0,1,1,A,-,8,22107,,N,F,A,A,A,H,-,A,D,0,,,,,Y,,A,1,1,0,0,0,0,0,0,0,0,- ,- ,32.977,-114.89558,IMPERIAL,UNINCORPORATED,-114.8955926,32.97640658
90102070,2016,1/25/2016,9625,1/13/2016,2056,18773,,3,2,9,1300,0,3,5,,2,50,WORTHINGTON ROAD,CASEY ROAD,1504,W,N,A,-,N,,,,,,,,,,Y,3,0,1,1,A,-,8,22107,,N,F,A,A,A,H,-,D,D,0,,,,,Y,,A,1,0,1,0,0,0,0,0,0,0,- ,- ,32.84733,-115.42853,IMPERIAL,UNINCORPORATED,-115.428208,32.84731
90109033,2016,2/4/2016,9625,1/28/2016,1705,20704,,4,2,9,1300,0,3,5,,2,50,HOLT ROAD,KEYSTONE ROAD,0,,Y,A,-,N,,,,,,,,,,Y,4,0,1,2,A,-,12,22450,A,N,D,C,A,A,H,-,A,A,0,,,,,Y,,D,22,0,0,1,0,0,0,0,0,0,- ,- ,32.91645,-115.38055,IMPERIAL,UNINCORPORATED,-115.38039,32.91652006
90113346,2016,2/11/2016,9620,1/30/2016,1200,16222,,6,1,9,1300,0,3,5,,2,70,HAUGHTELIN RD,BASELINE RD,0,,Y,A,-,N,,,,,,,,,,Y,4,0,2,2,A,-,9,21802,A,N,D,C,A,A,H,-,A,A,0,,,,,Y,,A,1,0,0,2,0,0,0,0,0,0,- ,- ,32.76754,-114.59898,IMPERIAL,UNINCORPORATED,-114.59902,32.76730005
90120650,2016,2/22/2016,9625,2/14/2016,1312,18207,,7,1,9,1300,0,1,1,,2,1,INTERSTATE 8 E/B,MOUNTAIN SPRINGS ROAD,6336,W,N,A,-,Y,,,8,,,,,,E,Y,3,0,3,1,A,-,8,22107,,N,F,A,A,A,H,-,A,D,0,,,,,Y,,A,1,0,3,0,0,0,0,0,0,0,- ,- ,32.66504,-116.10579,IMPERIAL,UNINCORPORATED,-116.1057832,32.66504114
90121515,2016,2/23/2016,9625,2/14/2016,1205,17011,,7,1,9,1300,0,1,3,,2,24,SR-78,BUTTERS ROAD,9504,E,N,A,-,Y,,,78,,,,,,,Y,1,1,0,1,A,-,8,22107,,N,E,I,A,A,H,-,A,D,0,,,,,Y,,A,1,0,0,0,0,0,0,0,0,0,- ,- ,32.9748,-115.33874,IMPERIAL,UNINCORPORATED,-115.33874,32.9747688
90122260,2016,2/23/2016,9625,2/6/2016,1157,13627,,6,1,9,1300,0,2,4,,2,46,DOGWOOD ROAD,WILLOUGHBY ROAD,622,S,N,A,-,N,,,,,,,,,,Y,1,1,1,1,A,-,8,22107,,N,E,I,A,A,H,-,A,D,0,,,,,Y,,A,1,1,0,0,0,0,0,0,0,0,- ,- ,32.70674,-115.53405,IMPERIAL,UNINCORPORATED,-115.5340748,32.70675009
90126726,2016,3/1/2016,9625,2/29/2016,803,13627,,1,1,9,1300,0,1,3,,1,54,SR-111 (N/B),ATEN ROAD,1584,S,N,A,-,Y,,,111,,,,,,,Y,4,0,1,2,A,-,3,22350,,N,C,C,A,A,H,-,A,D,0,,,,,Y,,D,22,0,0,1,0,0,0,0,0,0,- ,- ,32.82019,-115.50023,IMPERIAL,UNINCORPORATED,-115.5002864,32.82019055
90137290,2016,3/15/2016,9625,3/5/2016,1640,20516,,6,2,9,1300,0,1,1,,2,1,INTERSTATE 8 E/B,MOUNTAIN SPRINGS ROAD,12144,E,N,B,-,Y,,,8,,,,,,E,Y,4,0,1,1,A,-,8,22107,,N,F,I,A,A,H,-,A,D,0,,,,,Y,,D,22,0,0,1,0,0,0,0,0,0,- ,- ,32.68239,-116.06689,IMPERIAL,UNINCORPORATED,-116.0669865,32.68246718
90141154,2016,3/22/2016,9620,3/13/2016,1415,18290,,7,2,9,1300,0,1,3,,1,63,SR-78 E/B,MILPITAS WASH RD,1584,W,N,A,-,Y,,,78,,,,,,E,Y,2,0,5,1,A,-,8,22107,,N,F,A,A,A,H,-,A,D,0,,,,,Y,,A,7,1,3,1,0,0,0,0,0,0,- ,- ,33.27978,-114.78342,IMPERIAL,UNINCORPORATED,-114.783498,33.27988253
90143289,2016,3/24/2016,9625,3/14/2016,1705,16248,,1,2,9,1300,0,1,3,,2,56,SR-115,HARRIS ROAD,755,N,N,A,-,Y,,,115,,,,,,,Y,3,0,1,1,A,-,8,22107,,N,F,A,A,A,H,-,A,D,0,,,,,Y,,D,22,0,1,0,0,0,0,0,0,0,- ,- ,32.88568,-115.40625,IMPERIAL,UNINCORPORATED,-115.4062384,32.88567997
90156139,2016,4/26/2017,9625,4/3/2016,1937,19582,,7,2,9,1300,0,1,1,,2,3,I-8 E/B,IMPERIAL HIGHWAY,24288,E,N,A,-,Y,,,8,,,,,,E,Y,1,1,0,1,A,-,8,22107,,N,E,I,A,A,H,-,D,D,0,,,,,Y,,A,8,0,0,0,0,0,0,0,0,0,- ,- ,32.74953,-115.91446,IMPERIAL,UNINCORPORATED,-115.914441,32.7493904
90159988,2016,4/18/2016,9625,4/6/2016,2038,18933,,3,2,9,1300,0,3,5,,2,50,ROSS ROAD,MELOLAND ROAD,2606,W,N,A,-,N,,,,,,,,,,Y,4,0,2,2,A,-,3,22350,,N,C,C,A,A,H,-,D,D,0,,,,,Y,,A,1,0,0,2,0,0,0,0,0,0,- ,- ,32.78139,-115.45677,IMPERIAL,UNINCORPORATED,-115.4566,32.78145008
90166509,2016,4/27/2016,9625,4/14/2016,2135,20111,,4,2,4,1304,0,1,1,,2,1,I-8 E/B,MOUNTAIN SPRINGS ROAD,4435,E,N,G,-,Y,,,,,,,,,,Y,3,0,1,1,A,-,8,22107,,N,E,I,A,A,H,-,D,D,0,,,Y,,Y,,C,2,0,1,0,0,0,0,0,0,1,- ,- ,32.67258,-116.08536,IMPERIAL,EL CENTRO,-116.0863457,32.67242555
90186418,2016,5/24/2016,9625,5/17/2016,800,18930,,2,1,9,1300,0,1,3,,1,44,SR-86 N/B,KEYSTONE ROAD,4224,S,N,A,-,Y,,,86,,,,,,N,Y,2,0,4,1,A,-,8,22107,,N,F,I,A,A,H,-,A,D,0,,,,,Y,,A,1,1,1,2,0,0,0,0,0,0,- ,- ,32.90405,-115.56987,IMPERIAL,UNINCORPORATED,-115.5700719,32.90405
90186430,2016,5/24/2016,9625,5/20/2016,2147,19836,,5,2,9,1300,0,1,1,,2,5,I-8 E/B,SR-115,4752,E,N,F,G,Y,,,8,,,,,,E,Y,4,0,1,1,A,-,8,22107,,N,E,I,A,A,D,-,D,D,0,,,,,Y,,D,22,0,0,1,0,0,0,0,0,0,- ,- ,32.7655,-115.27183,IMPERIAL,UNINCORPORATED,-115.2718647,32.76542539
90202410,2016,6/15/2016,9625,6/1/2016,1522,20516,,3,2,9,1300,0,1,3,,1,11,STATE ROUTE 86 S/B,POE ROAD,2112,N,N,A,-,Y,,,86,,,,,,S,Y,4,0,1,2,C,-,18,,,N,C,C,A,A,H,-,A,D,0,,,,Y,Y,,-,- ,0,0,1,0,0,0,0,0,0,- ,- ,33.08336,-115.76002,IMPERIAL,UNINCORPORATED,-115.7600171,33.08336771
90212394,2016,6/29/2016,9625,6/17/2016,1840,19582,,5,2,9,1300,0,1,3,,1,12,SR-86 S/B,SR-78,0,,N,A,-,Y,,,86,,,,,,S,Y,3,0,1,2,A,-,1,23152,A,N,B,C,A,A,H,-,A,D,0,,,,,Y,Y,A,1,0,1,0,0,0,0,0,0,0,- ,- ,33.14922,-115.86562,IMPERIAL,UNINCORPORATED,-115.8655766,33.14923883
90221215,2016,7/12/2016,9625,7/3/2016,2025,20516,,7,2,9,1300,0,3,5,,2,40,DREW ROAD,W. GRAHAM ROAD,528,S,N,A,-,N,,,,,,,,,,Y,2,0,1,1,A,-,1,23152,A,N,F,A,A,A,H,-,D,D,0,,,,,Y,Y,D,22,1,0,0,0,0,0,0,0,0,- ,- ,32.73496,-115.68941,IMPERIAL,UNINCORPORATED,-115.6901842,32.73656707
90247338,2016,8/18/2016,9625,8/7/2016,245,19225,,7,3,9,1300,0,1,1,,2,1,INTERSTATE 8 (EASTBOUND),SR-98,10032,W,N,A,-,Y,,,8,,,,,,,Y,2,0,1,2,A,-,3,22350,,F,C,C,A,A,H,-,D,D,0,,,,,Y,Y,D,22,1,0,0,0,0,0,0,0,0,- ,- ,32.7182,-116.04964,IMPERIAL,UNINCORPORATED,-116.0496039,32.71816044
90252096,2016,8/24/2016,9625,8/21/2016,1855,18933,,7,2,9,1300,0,1,3,,1,11,SR-86 (N/B),SR-78,8206,S,N,A,-,Y,,,86,,,,,,,Y,4,0,2,1,A,-,8,22107,,N,F,A,A,A,H,-,B,A,0,,,,,Y,,A,1,0,0,2,0,0,0,0,0,0,- ,- ,33.10904,-115.83689,IMPERIAL,UNINCORPORATED,-115.8368986,33.10901523
90255608,2016,8/29/2016,9620,8/21/2016,2115,15941,,7,2,9,1300,0,1,3,,1,63,SR-78 (BEN HULSE HWY),MILPITAS WASH ROAD,5280,W,N,B,-,Y,,,78,,,,,,,Y,3,0,1,1,A,-,3,22350,,N,H,I,A,B,F,-,D,D,0,,,Y,,Y,,C,2,0,1,0,0,0,0,0,0,1,- ,- ,33.2788,-114.78475,IMPERIAL,UNINCORPORATED,-114.7848175,33.2788883
90257353,2016,8/30/2016,9625,8/26/2016,2120,18468,,5,2,9,1300,0,3,5,,2,50,WILLOUGHBY ROAD,KLOKE ROAD,399,W,N,A,-,N,,,,,,,,,,Y,3,0,1,1,A,-,3,22350,,N,E,I,A,A,H,-,D,A,0,,,,,Y,,A,1,0,1,0,0,0,0,0,0,0,- ,- ,32.70849,-115.51752,IMPERIAL,UNINCORPORATED,-115.5192098,32.70851
90264288,2016,9/8/2016,9620,8/31/2016,1345,17051,,3,1,9,1300,0,1,3,,1,62,S-34 (OGILBY ROAD),SR-78,13200,S,N,A,-,N,,,,,,,,,,Y,3,0,2,1,A,-,8,22107,,N,E,I,A,A,H,-,A,D,0,,,,,Y,,A,1,0,1,1,0,0,0,0,0,0,- ,- ,33.04836,-114.91614,IMPERIAL,UNINCORPORATED,-114.916209,33.0483609
90265366,2016,9/12/2016,9620,8/30/2016,7,19035,,2,3,9,1300,0,1,1,,2,81,I-8 W/B,SR-98,780,E,N,A,-,Y,,,,,,,,,,Y,4,0,4,1,A,-,8,22107,,N,A,I,A,A,H,-,D,D,0,,,,,Y,,A,8,0,0,4,0,0,0,0,0,0,- ,- ,32.71136,-115.08566,IMPERIAL,UNINCORPORATED,-115.086808,32.71001449
90277005,2016,9/27/2016,9625,9/21/2016,1132,16248,,3,1,9,1300,0,1,3,,1,44,N/B SR-86,HARRIS ROAD,274,N,N,B,-,Y,,,86,,,,,,,Y,3,0,3,2,A,-,7,21658,A,N,C,C,A,A,H,-,A,D,0,,,,,Y,,D,22,0,1,2,0,0,0,0,0,0,- ,- ,32.88448,-115.5701,IMPERIAL,UNINCORPORATED,-115.5702222,32.88448051
90282145,2016,10/3/2016,9625,9/24/2016,1149,13781,,6,1,9,1300,0,1,3,,2,53,SR-111 (S/B),SR-86,2695,N,N,A,-,Y,,,111,,,,,,,N,4,0,1,1,A,-,8,22107,,N,E,I,A,A,H,-,A,D,0,,,,,Y,,A,7,0,0,1,0,0,0,0,0,0,- ,- ,32.73796,-115.50079,IMPERIAL,UNINCORPORATED,-115.5005533,32.73796285
90285447,2016,10/6/2016,9625,9/24/2016,815,15990,,6,1,9,1300,0,3,5,,2,20,DIETRICH ROAD,SHANK ROAD,2191,S,N,A,-,N,,,,,,,,,,Y,2,0,2,1,A,-,8,22107,,N,E,I,A,A,H,-,A,D,0,,,,,Y,,D,22,1,0,1,0,0,0,0,0,0,- ,- ,32.9948,-115.47472,IMPERIAL,UNINCORPORATED,-115.48334,33.00104
90292793,2016,10/17/2016,9625,10/6/2016,2049,19582,,4,2,9,1300,0,3,5,,2,50,MCCABE ROAD,SR-111,2800,W,N,A,-,N,,,,,,,,,,Y,4,0,1,1,A,-,8,22107,,N,H,J,A,A,H,-,C,D,0,,,,,Y,,A,1,0,0,1,0,0,0,0,0,0,- ,- ,32.75246,-115.51063,IMPERIAL,UNINCORPORATED,-115.5099076,32.75241524
90293239,2016,10/17/2016,9620,10/9/2016,1345,18290,,7,1,9,1300,0,1,3,,1,63,SR-78 E/B,CLARKWAY RD.,141,S,N,A,-,Y,,,78,,,,,,E,Y,3,0,2,1,C,-,18,,,N,F,A,A,A,H,-,A,D,0,,,Y,,Y,,-,- ,0,2,0,0,0,0,0,0,2,- ,- ,33.42744,-114.73216,IMPERIAL,UNINCORPORATED,-114.7322059,33.42743836
90297043,2016,10/20/2016,9620,10/11/2016,1520,18535,,2,2,9,1300,0,1,1,,2,81,EB INTERSTATE 8,OGILBY ROAD,8448,W,N,A,-,Y,,,,,,,,,,Y,4,0,1,2,A,-,3,22350,,N,C,C,A,A,H,-,A,D,0,,,,Y,Y,,D,22,0,0,1,0,0,0,0,0,0,- ,- ,32.74516,-114.88089,IMPERIAL,UNINCORPORATED,-114.8622567,32.75352256
90311911,2016,11/4/2016,9625,9/30/2016,1500,18368,,5,2,9,1300,0,3,5,,2,40,KEYSTONE ROAD,AUSTIN ROAD,0,,Y,A,-,N,,,,,,,,,,Y,1,1,3,2,A,-,12,22450,A,N,D,C,A,A,H,-,A,A,0,,,,,Y,,A,8,0,0,3,0,0,0,0,0,0,- ,- ,32.91266,-115.59491,IMPERIAL,UNINCORPORATED,-115.5949101,32.91255008
90331909,2016,11/29/2016,9625,11/22/2016,1140,13781,,2,1,9,1300,0,1,1,,2,3,I-8 EASTBOUND,DOGWOOD ROAD,2220,W,N,A,-,Y,,,,,,,,,,Y,3,0,1,1,A,-,8,22107,,N,E,I,A,A,D,-,A,A,0,,,Y,,Y,,C,2,0,1,0,0,0,0,0,0,1,- ,- ,32.77361,-115.5425,IMPERIAL,UNINCORPORATED,-115.5423917,32.77368793
90340295,2016,12/8/2016,9625,11/29/2016,2030,18464,,2,2,9,1300,0,1,3,,2,14,SR-78 W/B,SR-86,35,E,N,A,-,Y,,,78,,,,,,W,N,4,0,3,2,A,-,1,23152,A,F,C,C,A,A,H,-,A,A,0,,,,,Y,Y,A,7,0,0,3,0,0,0,0,0,0,- ,- ,32.99938,-115.58863,IMPERIAL,UNINCORPORATED,-115.5886306,32.99938206
90341194,2016,12/9/2016,9620,12/2/2016,1410,13020,,5,2,9,1300,0,3,5,,2,60,SIDEWINDER ROAD,OGILBY ROAD,14784,E,N,A,-,N,,,,,,,,,,Y,4,0,1,1,A,-,3,22350,,N,F,I,A,A,H,-,A,D,0,,,Y,,Y,,C,2,0,0,1,0,0,0,0,0,1,- ,- ,32.81289,-114.79049,IMPERIAL,UNINCORPORATED,-114.7916441,32.81453084
90341597,2016,12/9/2016,9625,12/2/2016,1650,18933,,5,2,9,1300,0,3,5,,2,40,AUSTIN ROAD,WEST MAIN ROAD,50,N,N,A,-,N,,,,,,,,,,Y,4,0,2,2,A,-,3,22350,,N,C,C,A,A,H,-,D,D,0,,,,,Y,,A,1,0,0,2,0,0,0,0,0,0,- ,- ,32.79295,-115.59498,IMPERIAL,UNINCORPORATED,-115.5950085,32.79296666
90343344,2016,12/13/2016,9625,12/2/2016,805,18020,,5,1,9,1300,0,3,5,,2,10,MARLIN DR,MARLIN AVE,0,,Y,A,G,N,,,,,,,,,,N,3,0,1,2,A,-,9,21800,,N,D,C,A,A,H,-,A,D,0,,,,,Y,,A,8,0,1,0,0,0,0,0,0,0,- ,- ,33.30195,-115.95208,IMPERIAL,UNINCORPORATED,-115.95217,33.30195001
9034418,2019,7/13/2020,1304,11/19/2019,1046,F GARCIA,ELCE,2,5,4,1304,0,0,0,,0,EAST,4TH ST,COMMERCIAL,0,,Y,A,-,Y,IMP,11,86,-,L,7.453,I,5,S,Y,4,0,1,2,D,-,0,,,N,D,C,A,A,H,-,A,D,0,,,,,Y,,-,- ,0,0,1,0,0,0,0,0,0,- ,- ,32.7948494,-115.5527191,IMPERIAL,EL CENTRO,-115.5526428,32.79501343
9036655,2019,3/9/2020,1304,12/23/2019,701,355,ELCE,1,5,4,1304,0,0,0,,0,EAST,E WAKE,WAKE AV,0,,N,A,-,N,,,,,,,,,,Y,4,0,1,1,D,-,0,,,N,E,I,A,A,H,-,A,D,0,,,,,Y,,-,- ,0,0,1,0,0,0,0,0,0,- ,- ,32.77059937,-115.5320969,IMPERIAL,EL CENTRO,-115.5781784,32.77062988
90366815,2017,2/28/2017,9620,1/2/2017,1335,18535,,1,1,9,1300,0,1,1,,2,82,EB INTERSTATE 8,SR-186,2112,W,N,B,-,Y,,,8,,,,,,,N,4,0,1,2,A,-,3,22350,,N,C,C,A,A,H,-,A,D,0,,,,,Y,,D,22,0,0,1,0,0,0,0,0,0,- ,- ,32.74433,-114.72912,IMPERIAL,UNINCORPORATED,-114.7291107,32.7444031
9036885,2020,3/13/2020,1304,1/2/2020,1614,361,ELCE,4,5,4,1304,0,0,0,,0,EAST,MAIN,1ST,284,W,N,A,-,N,,,,,,,,,,Y,3,0,4,2,A,-,9,21801,A,N,D,C,A,A,H,-,A,D,0,,,,,Y,,A,1,0,3,1,0,0,0,0,0,0,- ,- ,,,IMPERIAL,EL CENTRO,-115.5450821,32.79283142
9036889,2020,3/13/2020,1304,1/10/2020,1558,341,ELCE,5,5,4,1304,0,0,0,,0,,8TH,ROSS,0,,Y,A,-,N,,,,,,,,,,N,4,0,1,2,A,-,9,21801,A,N,D,C,A,A,H,-,A,A,0,,,,,Y,,A,1,0,0,1,0,0,0,0,0,0,- ,- ,,,IMPERIAL,EL CENTRO,-115.5612411,32.78150177
90370859,2017,1/17/2017,9625,1/9/2017,910,13627,,1,1,9,1300,0,1,3,,2,53,STATE ROUTE 111 (N/B),HEBER ROAD,0,,Y,B,-,Y,,,111,,,,,,,Y,4,0,2,2,A,-,12,21453,A,N,D,C,A,A,H,-,A,A,0,,,,Y,Y,,A,1,0,0,2,0,0,0,0,0,0,- ,- ,32.73061,-115.50026,IMPERIAL,UNINCORPORATED,-115.5004064,32.7306078
90378769,2017,1/26/2017,9625,1/20/2017,1645,18792,,5,2,9,1300,0,1,3,,1,12,SR-86 N/B,NORTH MARINA DRIVE,0,,Y,C,-,Y,,,86,,,,,,N,Y,4,0,2,2,A,-,9,21801,B,N,D,C,A,B,H,-,A,A,0,,,,,Y,,D,22,0,0,2,0,0,0,0,0,0,- ,- ,33.30302,-115.98173,IMPERIAL,UNINCORPORATED,-115.9817581,33.30299882
90391700,2017,2/13/2017,9625,2/7/2017,1412,18617,,2,2,9,1300,0,1,3,,2,56,STATE ROUTE 115,KEYSTONE ROAD,0,,Y,A,-,Y,,,115,,,,,,,Y,3,0,2,2,A,-,9,21802,B,N,D,C,A,A,H,-,A,A,0,,,,,Y,,A,1,0,1,1,0,0,0,0,0,0,- ,- ,32.91651,-115.40616,IMPERIAL,UNINCORPORATED,-115.4062466,32.91651
90392102,2017,2/13/2017,9625,1/27/2017,900,17055,,5,1,9,1300,0,1,3,,1,21,SR-111 S/B,DAVIS ROAD,4752,N,N,A,-,Y,,,111,,,,,,S,Y,4,0,1,1,A,-,8,22107,,N,F,A,A,A,H,-,A,A,0,,,,Y,Y,,F,25,0,0,1,0,0,0,0,0,0,- ,- ,33.28629,-115.57976,IMPERIAL,UNINCORPORATED,-115.5798034,33.2862548