CASE_ID,ACCIDENT_YEAR,PROC_DATE,JURIS,COLLISION_DATE,COLLISION_TIME,OFFICER_ID,REPORTING_DISTRICT,DAY_OF_WEEK,CHP_SHIFT,POPULATION,CNTY_CITY_LOC,SPECIAL_COND,BEAT_TYPE,CHP_BEAT_TYPE,CITY_DIVISION_LAPD,CHP_BEAT_CLASS,BEAT_NUMBER,PRIMARY_RD,SECONDARY_RD,DISTANCE,DIRECTION,INTERSECTION,WEATHER_1,WEATHER_2,STATE_HWY_IND,CALTRANS_COUNTY,CALTRANS_DISTRICT,STATE_ROUTE,ROUTE_SUFFIX,POSTMILE_PREFIX,POSTMILE,LOCATION_TYPE,RAMP_INTERSECTION,SIDE_OF_HWY,TOW_AWAY,COLLISION_SEVERITY,NUMBER_KILLED,NUMBER_INJURED,PARTY_COUNT,PRIMARY_COLL_FACTOR,PCF_CODE_OF_VIOL,PCF_VIOL_CATEGORY,PCF_VIOLATION,PCF_VIOL_SUBSECTION,HIT_AND_RUN,TYPE_OF_COLLISION,MVIW,PED_ACTION,ROAD_SURFACE,ROAD_COND_1,ROAD_COND_2,LIGHTING,CONTROL_DEVICE,CHP_ROAD_TYPE,PEDESTRIAN_ACCIDENT,BICYCLE_ACCIDENT,MOTORCYCLE_ACCIDENT,TRUCK_ACCIDENT,NOT_PRIVATE_PROPERTY,ALCOHOL_INVOLVED,STWD_VEHTYPE_AT_FAULT,CHP_VEHTYPE_AT_FAULT,COUNT_SEVERE_INJ,COUNT_VISIBLE_INJ,COUNT_COMPLAINT_PAIN,COUNT_PED_KILLED,COUNT_PED_INJURED,COUNT_BICYCLIST_KILLED,COUNT_BICYCLIST_INJURED,COUNT_MC_KILLED,COUNT_MC_INJURED,PRIMARY_RAMP,SECONDARY_RAMP,LATITUDE,LONGITUDE,COUNTY,CITY,POINT_X,POINT_Y
91653957,2021,12/16/2021,9625,12/7/2021,1425,18792,,2,2,9,1300,0,1,3,,1,12,SR-86 N/B,NORM NIVER ROAD,2957,N,N,A,-,Y,,,86,,,,,,N,Y,3,0,2,1,A,-,8,22107,,M,E,8,A,A,H,-,A,D,0,,,,,Y,,A,1,0,2,0,0,0,0,0,0,0,- ,- ,33.36520004,-116.0210114,IMPERIAL,UNINCORPORATED,-116.0209656,33.3652153
91656421,2021,12/20/2021,9625,12/15/2021,1645,18792,,3,2,9,1300,0,2,4,,2,46,RALPH ROAD,DOGWOOD ROAD,0,,Y,A,-,N,,,,,,,,,,Y,3,0,1,2,A,-,9,21802,A,N,D,C,A,A,H,-,B,A,0,,,,,Y,,A,1,0,1,0,0,0,0,0,0,0,- ,- ,32.86914063,-115.5355682,IMPERIAL,UNINCORPORATED,-115.5355682,32.86914825
9165747,2020,12/2/2020,1301,9/7/2020,1715,901,BRAWL,1,5,3,1301,0,0,0,,0,2,RT 86,MALAN ST,0,,Y,A,-,Y,IMP,11,86,-,-,20.068,I,5,N,Y,3,0,2,2,A,-,12,21453,A,N,D,C,A,A,H,-,A,A,0,,,,,Y,,A,1,0,1,1,0,0,0,0,0,0,- ,- ,,,IMPERIAL,BRAWLEY,-115.5437164,32.97127914
9166177,2020,11/10/2020,1304,9/16/2020,1348,337,ELCE,3,5,4,1304,0,0,0,,0,WEST,EUCLID,LA BRUCHERIE,650,E,N,A,-,N,,,,,,,,,,Y,3,0,1,2,A,-,8,22107,,N,C,E,A,A,H,-,A,D,0,,,,,Y,Y,A,1,0,1,0,0,0,0,0,0,0,- ,- ,32.7984314,-115.5747681,IMPERIAL,EL CENTRO,-115.5765762,32.79837418
9166178,2020,11/10/2020,1304,9/16/2020,1031,337,ELCE,3,5,4,1304,0,0,0,,0,EAST,MAIN,DOGWOOD,157,W,N,A,-,N,,,,,,,,,,Y,4,0,1,2,A,-,8,22107,,N,B,C,A,A,H,-,A,D,0,,,,,Y,Y,A,1,0,0,1,0,0,0,0,0,0,- ,- ,,,IMPERIAL,EL CENTRO,-115.5361557,32.79281998
91668843,2021,1/3/2022,9620,12/24/2021,145,21051,,5,3,9,1300,0,1,1,,2,82,I-8 W/B,4TH AVENUE,1056,E,N,B,C,Y,,,8,,,,,,W,Y,4,0,1,1,A,-,3,22350,,N,E,8,A,B,H,-,C,D,0,,,,Y,Y,,G,27,0,0,1,0,0,0,0,0,0,- ,- ,32.72977829,-114.619812,IMPERIAL,UNINCORPORATED,-114.6198349,32.72973251
9168424,2020,11/7/2020,1301,9/1/2020,1210,945,,2,5,3,1301,0,0,0,,0,4,EASTERN AV,K ST,0,,Y,A,-,N,,,,,,,,,,Y,4,0,2,2,A,-,12,22450,A,N,D,C,A,A,H,-,A,A,0,,,,,Y,,D,22,0,0,2,0,0,0,0,0,0,- ,- ,,,IMPERIAL,BRAWLEY,-115.5177994,32.97309875
91705714,2021,2/22/2022,9625,12/9/2021,501,21107,,4,3,9,1300,0,1,1,,2,3,INTERSTATE 8 E/B,4TH STREET,572,W,N,A,-,Y,,,,,,,,,,Y,1,1,0,1,A,-,8,22107,,N,E,8,A,A,H,-,D,D,0,,,,,Y,,D,22,0,0,0,0,0,0,0,0,0,- ,- ,32.77365112,-115.5542908,IMPERIAL,UNINCORPORATED,-115.5541687,32.77371216
91708107,2021,3/7/2022,9625,6/26/2021,1930,18792,,6,2,9,1300,0,2,4,,2,47,ATEN ROAD,FORRESTER ROAD,0,,Y,A,-,N,,,,,,,,,,Y,1,1,6,2,A,-,12,22450,A,N,D,C,A,A,H,-,A,A,0,,,,,Y,,J,48,3,3,0,0,0,0,0,0,0,- ,- ,32.82548141,-115.6207428,IMPERIAL,UNINCORPORATED,-115.6206818,32.81821823
9175878,2020,11/20/2020,1301,8/24/2020,505,901,BRAWL,1,5,3,1301,0,0,0,,0,1,W D ST,N 1ST ST,0,,Y,A,-,N,,,,,,,,,,Y,4,0,1,2,A,-,12,22450,A,N,D,C,A,A,H,-,C,A,0,,,,,Y,,A,1,0,0,1,0,0,0,0,0,0,- ,- ,,,IMPERIAL,BRAWLEY,-115.5416489,32.98086166
91829870,2021,8/2/2022,9625,3/2/2021,614,18136,,2,1,9,1300,0,1,3,,2,56,STATE ROUTE 115,NORRISH ROAD,0,,Y,A,-,Y,,,115,,,,,,,Y,1,13,13,2,A,-,1,23152,F,N,D,C,A,A,H,-,A,A,0,,,,Y,Y,,A,7,10,3,0,0,0,0,0,0,0,- ,- ,32.83275986,-115.4061127,IMPERIAL,UNINCORPORATED,-115.4061661,32.83275986
9184217,2020,12/14/2020,1304,10/28/2020,2011,332,EWES,3,5,4,1304,0,0,0,,0,WEST,ADAMS,LA BRUCHERIE,0,,Y,A,-,N,,,,,,,,,,N,3,0,1,2,A,-,1,23152,A,N,B,E,A,A,H,-,C,D,0,,,,,Y,Y,-,,0,1,0,0,0,0,0,0,0,- ,- ,32.79666901,-115.5758591,IMPERIAL,EL CENTRO,-115.5787201,32.79655075
9188104,2020,1/7/2021,1304,10/30/2020,1827,332,EAST,5,5,4,1304,0,0,0,,0,EAST,4TH ST,SMOKETREE,0,,Y,A,-,N,,,86,,,,,,,N,4,0,1,2,A,-,11,21950,B,N,G,B,D,A,H,-,C,D,0,Y,,,,Y,,N,60,0,0,1,0,1,0,0,0,0,- ,- ,32.77536011,-115.5523911,IMPERIAL,EL CENTRO,-115.5522766,32.77536392
9190409,2020,2/1/2021,1304,11/9/2020,1315,E0030,,1,5,4,1304,0,0,0,,0,,4TH ST,SMOKETREE,0,,Y,A,-,Y,IMP,11,86,-,-,6.114,I,5,S,Y,4,0,1,2,A,-,8,22107,,N,D,C,A,A,H,-,A,A,0,,,,,Y,,A,7,0,0,1,0,0,0,0,0,0,- ,- ,,,IMPERIAL,EL CENTRO,-115.5522766,32.77537155
9191744,2020,2/3/2021,1304,11/24/2020,1755,344,EEAS,2,5,4,1304,0,0,0,,0,EAST,BRIGHTON,4TH ST,0,,Y,A,-,N,,,,,,,,,,N,3,0,1,2,A,-,9,21800,A,N,D,G,A,A,H,-,C,D,0,,Y,,,Y,Y,L,4,0,1,0,0,0,0,1,0,0,- ,- ,32.78974915,-115.5527802,IMPERIAL,EL CENTRO,-115.5525131,32.78976822
9197006,2020,1/26/2021,1301,10/19/2020,15,908,BRAWL,1,5,3,1301,0,0,0,,0,0B4,MALAN,STANLEY PL,55,W,N,A,-,N,,,,,,,,,,Y,4,0,2,2,A,-,8,22107,,N,C,E,A,A,H,-,C,D,0,,,,Y,Y,,A,1,0,0,2,0,0,0,0,0,0,- ,- ,,,IMPERIAL,BRAWLEY,-115.5289001,32.97076035
9205691,2020,2/27/2021,1304,12/17/2020,1821,335,E1,4,5,4,1304,0,0,0,,0,WEST,LA BRUCHERIE,EUCLID,0,,Y,A,-,N,,,,,,,,,,Y,3,0,1,2,A,-,3,22350,,F,B,C,A,-,H,-,C,D,0,,,,,Y,,A,1,0,1,0,0,0,0,0,0,0,- ,- ,,,IMPERIAL,EL CENTRO,-115.5786819,32.79838181
9205692,2020,2/27/2021,1304,12/10/2020,1952,332,EWES,4,5,4,1304,0,0,0,,0,WEST,LA BRUCHERIE,ADAMS,200,N,N,A,-,N,,,,,,,,,,Y,3,0,1,3,A,-,3,22350,,N,D,C,A,A,H,-,C,A,0,,,,,Y,,-,,0,1,0,0,0,0,0,0,0,- ,- ,32.7972908,-115.578743,IMPERIAL,EL CENTRO,-115.5787048,32.79709625
9211536,2020,6/11/2022,1304,11/4/2020,1921,339,EAST,3,5,4,1304,0,0,0,,0,EAST,EAST MAIN,HOPE,194,E,N,A,-,N,,,,,,,,,,N,1,1,0,2,-,-,- ,,A,N,G,B,D,A,H,-,C,D,0,Y,,,,Y,Y,N,60,0,0,0,1,0,0,0,0,0,- ,- ,,,IMPERIAL,EL CENTRO,-115.5391006,32.79283142
9211765,2020,3/25/2021,1302,12/22/2020,447,CX187,1302,2,5,4,1302,0,0,0,,0,0C1,V.V. WILLIAMS AV,C. QUIROZ ST,0,,Y,A,-,N,,,,,,,,,,Y,1,1,0,3,A,-,5,21650,A,F,B,E,A,A,H,-,C,D,0,,,,,Y,,M,94,0,0,0,0,0,0,0,0,0,- ,- ,,,IMPERIAL,CALEXICO,-115.5075684,32.68230057
9218310,2021,3/13/2021,1304,1/21/2021,1206,358,,4,5,4,1304,0,0,0,,0,WEST,LA BRUCHERIE,ROSS,36,N,N,A,-,N,,,,,,,,,,Y,4,0,1,2,A,-,12,21453,A,N,D,C,A,A,H,-,A,A,0,,,,,Y,,-,,0,0,1,0,0,0,0,0,0,- ,- ,,,IMPERIAL,EL CENTRO,-115.5784836,32.78156662
9221317,2021,2/11/2021,1304,1/6/2021,2337,361,ELCE,3,5,4,1304,0,0,0,,0,EAST,RT 86,AURORA,155,N,N,A,-,Y,IMP,11,86,-,-,6.35,H,-,S,N,2,0,1,1,A,-,8,22107,,N,E,I,A,A,H,-,C,D,0,,,,,Y,,A,1,1,0,0,0,0,0,0,0,0,- ,- ,,,IMPERIAL,EL CENTRO,-115.5523682,32.77881622
9221608,2020,3/10/2021,1301,10/24/2020,2120,908,BRAWL,6,5,3,1301,0,0,0,,0,0B1,MAIN ST,1ST ST,22,W,N,A,-,Y,IMP,11,86,-,-,20.627,I,5,S,N,4,0,1,1,A,-,8,22100,B,N,A,I,A,A,H,-,C,A,0,,,,,Y,Y,A,1,0,0,1,0,0,0,0,0,0,- ,- ,,,IMPERIAL,BRAWLEY,-115.5417252,32.97857285
9222225,2021,4/2/2021,1304,2/5/2021,748,326,,5,5,4,1304,0,0,0,,0,EAST,ADAMS AV,6TH,0,,Y,A,-,Y,IMP,11,86,-,L,7.77,I,5,S,Y,4,0,1,2,A,-,12,21453,A,N,-,C,A,A,H,-,A,A,0,,,,,Y,,-,,0,0,1,0,0,0,0,0,0,- ,- ,,,IMPERIAL,EL CENTRO,-115.5570984,32.79655838
9226099,2021,3/24/2021,1304,2/17/2021,1452,358,,3,5,4,1304,0,0,0,,0,EAST,BROADWAY,7TH ST,14,E,N,A,-,N,,,,,,,,,,Y,4,0,1,2,A,-,9,21802,A,N,D,C,A,A,H,-,A,A,0,,,,,Y,,-,,0,0,1,0,0,0,0,0,0,- ,- ,,,IMPERIAL,EL CENTRO,-115.5590668,32.79386902
9234375,2021,4/15/2021,1304,3/25/2021,1557,360,EAST,4,5,4,1304,0,0,0,,0,EAST,5TH,OLIVE,0,,Y,A,-,N,,,,,,,,,,N,3,0,1,2,A,-,9,21802,A,N,D,C,A,A,H,-,A,A,0,,,,,Y,,A,1,0,1,0,0,0,0,0,0,0,- ,- ,,,IMPERIAL,EL CENTRO,-115.554718,32.7907486
9240221,2021,4/28/2021,1304,4/3/2021,905,E0014,EPTRL,6,5,4,1304,0,0,0,,0,WEST,IMPERIAL AV,PICO RD,0,,Y,A,-,Y,IMP,11,86,-,-,7.93,I,5,S,Y,3,0,1,1,A,-,1,23152,G,N,E,I,A,A,H,-,A,A,0,,,,,Y,Y,A,1,0,1,0,0,0,0,0,0,0,- ,- ,,,IMPERIAL,EL CENTRO,-115.5698929,32.80566025
9256103,2021,5/11/2021,1304,1/11/2021,1817,355,ELCE,1,5,4,1304,0,0,0,,0,WEST,LA BRUCHERIE,EUCLID,87,N,N,A,-,N,,,,,,,,,,Y,1,1,0,2,A,-,11,21954,A,N,G,B,D,A,H,-,E,D,0,Y,,,,Y,,N,60,0,0,0,1,0,0,0,0,0,- ,- ,,,IMPERIAL,EL CENTRO,-115.5786819,32.79861832
9256174,2021,6/8/2021,1301,1/25/2021,133,917,BRAWL,1,5,3,1301,0,0,0,,0,1,OLD HIGHWAY 111,OLD HWY 111,0,,N,A,-,N,,,,,,,,,,N,1,1,0,2,A,-,11,21954,A,N,G,B,D,A,H,-,D,D,0,Y,,,,Y,,N,60,0,0,0,1,0,0,0,0,0,- ,- ,32.98770142,-115.5280991,IMPERIAL,BRAWLEY,-115.5304565,32.97863007
9265933,2021,5/26/2021,1304,5/6/2021,1152,358,,4,5,4,1304,0,0,0,,0,EAST,8TH,WAKE,780,N,N,A,-,N,,,,,,,,,,Y,3,0,2,3,A,-,3,22350,,N,-,C,A,A,H,-,A,D,0,,,,,Y,,A,7,0,2,0,0,0,0,0,0,0,- ,- ,32.77326965,-115.5611191,IMPERIAL,EL CENTRO,-115.5610886,32.77276993
9265962,2021,5/27/2021,1306,4/10/2021,1245,1775,OWSVR,6,5,2,1306,0,0,0,,0,906,POLELINE RD,COUNTY DUMP RD,0,,Y,A,-,N,,,,,,,,,,N,3,0,1,1,A,-,8,38314,,N,H,A,A,A,H,-,A,D,0,,,Y,,Y,,C,6,0,1,0,0,0,0,0,0,1,- ,- ,,,IMPERIAL,IMPERIAL,,
9271401,2021,6/17/2021,1301,1/29/2021,1953,906,BRAWL,5,5,3,1301,0,0,0,,0,0B3,RT 111,RT 78,0,,Y,A,-,Y,IMP,11,111,-,-,23.787,I,5,N,Y,4,0,1,2,A,-,12,21453,,N,D,C,A,A,H,-,C,A,0,,,,,Y,,A,1,0,0,1,0,0,0,0,0,0,- ,- ,,,IMPERIAL,BRAWLEY,-115.526474,33.00242233
9279850,2021,8/24/2021,1304,6/7/2021,1602,361,ELCE,1,5,4,1304,0,0,0,,0,EAST,RT 86,6TH,0,,Y,A,-,Y,IMP,11,86,-,L,7.77,I,5,N,Y,3,0,2,2,A,-,12,21453,A,N,D,C,A,A,H,-,A,A,0,,,,,Y,,E,22,0,2,0,0,0,0,0,0,0,- ,- ,,,IMPERIAL,EL CENTRO,-115.5570984,32.79655838
9287413,2021,7/23/2021,1304,6/23/2021,1503,E0187,EAST,3,5,4,1304,0,0,0,,0,EAST,4TH ST,COMMERCIAL,0,,Y,A,-,Y,IMP,11,86,-,L,7.453,I,5,N,Y,4,0,1,2,A,-,9,21804,A,N,D,C,A,A,H,-,A,D,0,,,,,Y,,D,22,0,0,1,0,0,0,0,0,0,- ,- ,32.79499054,-115.5525665,IMPERIAL,EL CENTRO,-115.5526428,32.79501343
9287565,2021,7/20/2021,1304,7/8/2021,1708,327,,4,5,4,1304,0,0,0,,0,EAST,8TH ST,HOLT DR,112,S,N,A,-,N,,,,,,,,,,N,4,0,1,2,A,-,11,21950,B,M,G,B,D,A,H,-,A,D,0,Y,,,,Y,,N,60,0,0,1,0,1,0,0,0,0,- ,- ,,,IMPERIAL,EL CENTRO,-115.5613556,32.78748322
9287569,2021,7/27/2021,1304,7/8/2021,1659,359,,4,5,4,1304,0,0,0,,0,,4TH ST,SOUTHWIND DR,0,,Y,A,-,Y,IMP,11,86,-,-,6.053,I,5,S,N,3,0,1,2,A,-,5,21650,1,N,D,G,A,A,H,-,A,A,0,,Y,,,Y,,L,4,0,1,0,0,0,0,1,0,0,- ,- ,,,IMPERIAL,EL CENTRO,-115.5522461,32.77446747
9290663,2021,8/27/2021,1304,7/11/2021,26,341,EWEST,7,5,4,1304,0,0,0,,0,WEST,ORANGE,ORANGE AV 1500,0,,N,A,-,N,,,,,,,,,,N,3,0,1,2,A,-,8,22107,,N,B,E,A,A,H,-,C,D,0,,,,,Y,,A,1,0,1,0,0,0,0,0,0,0,- ,- ,32.78876877,-115.572113,IMPERIAL,EL CENTRO,,
9299981,2021,9/3/2021,1301,5/19/2021,1411,912,BRAWL,3,5,3,1301,0,0,0,,0,2,RT 86,MALAN,0,,Y,A,-,Y,IMP,11,86,-,-,20.068,I,5,N,Y,4,0,1,3,A,-,12,21453,A,N,D,C,A,A,H,-,A,A,0,,,,,Y,,A,1,0,0,1,0,0,0,0,0,0,- ,- ,,,IMPERIAL,BRAWLEY,-115.5437164,32.97127914
9301793,2021,9/20/2021,1304,6/17/2021,2101,368,E1,4,5,4,1304,0,0,0,,0,EAST,RT 86,DESERT GARDENS,146,S,N,A,-,Y,IMP,11,86,-,-,6.47,H,-,S,N,1,1,0,2,A,-,11,21954,A,N,G,B,D,A,H,-,C,D,0,Y,,,,Y,Y,N,60,0,0,0,1,0,0,0,0,0,- ,- ,,,IMPERIAL,EL CENTRO,-115.5524216,32.78053665
9303753,2021,8/20/2021,1301,5/4/2021,1640,9A6,,2,5,3,1301,0,0,0,,0,2,MALAN,GRAPEFRUIT,19,W,N,A,-,N,,,,,,,,,,N,4,0,1,2,A,-,3,22350,,N,C,C,A,A,H,-,A,D,0,,,,,Y,,A,1,0,0,1,0,0,0,0,0,0,- ,- ,,,IMPERIAL,BRAWLEY,-115.5340881,32.97077179
9312059,2021,9/2/2021,1301,7/6/2021,521,9A2,BRAWL,2,5,3,1301,0,0,0,,0,4,RT 111,N BEST AV,0,E,N,A,-,Y,IMP,11,78,-,R,14.19,H,-,W,Y,3,0,1,1,A,-,8,22107,,N,F,I,A,A,H,-,C,D,0,,,,,Y,,A,1,0,1,0,0,0,0,0,0,0,- ,- ,32.99718857,-115.5053864,IMPERIAL,BRAWLEY,-115.5058823,32.99754333
9312369,2021,9/9/2021,1304,8/19/2021,1242,326,EEAS,4,5,4,1304,0,0,0,,0,,4TH,SMOKETREE,15,N,N,A,-,Y,IMP,11,86,-,-,6.12,H,-,S,N,4,0,2,2,A,-,3,22350,,N,C,C,A,A,H,-,A,A,0,,,,,Y,,A,1,0,0,2,0,0,0,0,0,0,- ,- ,32.77574921,-115.55233,IMPERIAL,EL CENTRO,-115.5522766,32.77545929
9315926,2021,9/22/2021,1301,7/14/2021,1222,906,BRAWL,3,5,3,1301,0,0,0,,0,0B2,PALM,E,0,,Y,A,-,N,,,,,,,,,,N,4,0,1,2,A,-,9,21800,,N,H,G,A,A,H,-,A,A,0,,Y,,,Y,,D,22,0,0,1,0,0,0,1,0,0,- ,- ,,,IMPERIAL,BRAWLEY,-115.5220413,32.97977066
9315954,2021,9/22/2021,1301,8/6/2021,1639,907,BRAWL,5,5,3,1301,0,0,0,,0,0B3,CESAR CHAVEZ,B ST,0,,Y,A,-,N,,,,,,,,,,Y,4,0,1,2,A,-,12,22450,,N,D,C,A,A,H,-,A,A,0,,,,Y,Y,,F,25,0,0,1,0,0,0,0,0,0,- ,- ,32.9830513,-115.526329,IMPERIAL,BRAWLEY,-115.5263596,32.9830513
9316305,2021,9/22/2021,1301,8/10/2021,148,908,BRAWL,2,5,3,1301,0,0,0,,0,0B2,MALAN ST,SOUTH IMPERIAL AV,125,E,N,A,-,N,,,,,,,,,,Y,2,0,2,1,D,-,0,,,N,E,I,A,A,H,-,D,D,0,,,,,Y,,-,- ,1,0,1,0,0,0,0,0,0,- ,- ,,,IMPERIAL,BRAWLEY,-115.534584,32.97077179
9338535,2021,10/8/2021,1304,9/1/2021,1422,333,EEAS,3,5,4,1304,0,0,0,,0,EAST,4TH ST,RT 8,123,S,N,A,-,Y,IMP,11,8,-,R,38.14,R,4,E,Y,3,0,1,4,A,-,3,22350,,N,C,C,A,A,H,-,A,A,0,,,,,Y,,A,1,0,1,0,0,0,0,0,0,0,- ,- ,,,IMPERIAL,EL CENTRO,-115.5493546,32.77368546
9338898,2021,11/9/2021,1304,9/16/2021,1838,363,EWES,4,5,4,1304,0,0,0,,0,WEST,FIELDVIEW,EIGTH ST,0,,Y,A,-,N,,,,,,,,,,Y,3,0,1,2,A,-,1,23153,B,F,D,C,A,A,H,-,A,A,0,,,,,Y,Y,A,1,0,1,0,0,0,0,0,0,0,- ,- ,32.76132965,-115.5611572,IMPERIAL,EL CENTRO,,
9349414,2021,11/8/2021,1304,9/29/2021,730,368,E1,3,5,4,1304,0,0,0,,0,EAST,8TH,DESERT GARDENS,0,,Y,A,-,N,,,,,,,,,,N,3,0,1,2,A,-,10,21950,A,F,G,B,D,A,H,-,A,A,0,Y,,,,Y,Y,A,1,0,1,0,0,1,0,0,0,0,- ,- ,32.78094864,-115.5610733,IMPERIAL,EL CENTRO,-115.5612335,32.78094864
9354773,2021,11/3/2021,1304,9/3/2021,1807,368,E1,5,5,4,1304,0,0,0,,0,EAST,DOGWOOD RD,ROSS AV,826,S,N,A,-,N,,,,,,,,,,Y,3,0,1,3,A,-,1,23153,B,N,-,C,A,A,H,-,B,A,0,,,,,Y,Y,-,,0,1,0,0,0,0,0,0,0,- ,- ,,,IMPERIAL,EL CENTRO,-115.5353317,32.77923203
9356348,2021,11/4/2021,1304,10/17/2021,1128,350,,7,5,4,1304,0,0,0,,0,EAST,8TH ST,HAMILTON,0,,Y,A,-,N,,,,,,,,,,Y,3,0,1,2,A,-,9,21803,A,N,D,C,A,A,H,-,A,A,0,,,,,Y,,A,7,0,1,0,0,0,0,0,0,0,- ,- ,,,IMPERIAL,EL CENTRO,-115.5613403,32.78588867
9364374,2021,12/30/2021,1304,11/3/2021,209,358,,3,5,4,1304,0,0,0,,0,EAST,MAIN,MAIN ST 600 BLK,0,,N,A,-,N,,,,,,,,,,Y,3,0,1,1,A,-,1,23152,A,N,B,I,A,A,H,-,C,D,0,,,,,Y,Y,-,,0,1,0,0,0,0,0,0,0,- ,- ,32.79285812,-115.5579605,IMPERIAL,EL CENTRO,,
9364375,2021,12/16/2021,1304,11/8/2021,1410,350,,1,5,4,1304,0,0,0,,0,,N IMPERIAL,BARBARA WORTH,0,,Y,A,-,N,,,,,,,,,,Y,4,0,1,1,A,-,8,22107,,N,-,J,A,A,H,-,A,A,0,,,,,Y,,-,,0,0,1,0,0,0,0,0,0,- ,- ,,,IMPERIAL,EL CENTRO,-115.5699463,32.79462814
9367147,2021,12/9/2021,1304,11/18/2021,435,368,E1,4,5,4,1304,0,0,0,,0,WEST,IMPERIAL AV,ADAMS AV,0,,Y,A,-,Y,IMP,11,86,-,L,8.525,I,5,N,Y,2,0,1,2,A,-,12,21453,A,N,D,C,A,A,H,-,C,A,0,,,,,Y,,-,,1,0,0,0,0,0,0,0,0,- ,- ,,,IMPERIAL,EL CENTRO,-115.5699844,32.79655075
9373450,2021,1/12/2022,1304,11/19/2021,841,341,EAST,5,5,4,1304,0,0,0,,0,EAST,ADAMS,6TH,0,,Y,A,-,N,,,,,,,,,,Y,4,0,1,2,D,-,0,,,N,D,C,A,A,H,-,A,A,0,,,,,Y,,-,- ,0,0,1,0,0,0,0,0,0,- ,- ,,,IMPERIAL,EL CENTRO,-115.5570831,32.79653168
9377727,2021,1/19/2022,1304,12/21/2021,2030,359,,2,5,4,1304,0,0,0,,0,EAST,DOGWOOD RD,DANENBERG DR,0,S,N,A,-,N,,,,,,,,,,Y,3,0,1,2,A,-,1,23152,A,N,C,C,A,A,H,-,D,A,0,,,,Y,Y,Y,A,1,0,1,0,0,0,0,0,0,0,- ,- ,,,IMPERIAL,EL CENTRO,-115.5351486,32.76691818
9384316,2021,1/14/2022,1304,12/17/2021,1524,339,EPTRL,5,5,4,1304,0,0,0,,0,EAST,8TH ST,STACEY AV,5,S,N,A,-,N,,,,,,,,,,N,4,0,1,2,A,-,3,22350,,N,C,C,A,A,H,-,A,D,0,,,,,Y,,-,,0,0,1,0,0,0,0,0,0,- ,- ,,,IMPERIAL,EL CENTRO,-115.56147,32.80060577
9386544,2021,1/7/2022,1304,12/17/2021,1624,341,EEAST,5,5,4,1304,0,0,0,,0,EAST,SANDALWOOD,5TH,0,,Y,A,-,N,,,,,,,,,,N,4,0,1,2,A,-,12,22450,A,N,D,C,A,A,H,-,A,D,0,,,,,Y,Y,A,1,0,0,1,0,0,0,0,0,0,- ,- ,,,IMPERIAL,EL CENTRO,-115.5546265,32.7820282
9386688,2021,1/13/2022,1304,12/20/2021,335,350,EPTRL,1,5,4,1304,0,0,0,,0,,IMPERIAL AV,HAMILTON AV,0,,Y,A,-,N,,,,,,,,,,Y,3,0,1,1,A,-,1,23152,A,N,E,I,A,A,H,-,C,A,0,,,,,Y,Y,-,,0,1,0,0,0,0,0,0,0,- ,- ,,,IMPERIAL,EL CENTRO,-115.5697784,32.78583908
9414176,2021,3/16/2022,1301,12/11/2021,1924,910,BRAWL,6,5,3,1301,0,0,0,,0,0B2,RT 78,HOVLEY RD,0,E,-,A,-,Y,IMP,11,78,-,R,12.15,H,-,E,Y,4,0,1,1,A,-,8,22107,,N,E,I,A,A,H,-,D,D,0,,,,,Y,,A,1,0,0,1,0,0,0,0,0,0,- ,- ,33.00270844,-115.5389023,IMPERIAL,BRAWLEY,-115.5388107,33.00278091
9422120,2021,5/2/2022,1304,7/10/2021,1908,345,,6,5,4,1304,0,0,0,,0,EAST,6TH ST,MAIN ST,0,,Y,A,-,N,,,,,,,,,,Y,4,0,1,1,A,-,8,22107,,N,A,I,A,A,H,-,A,A,0,,,,,Y,,A,1,0,0,1,0,0,0,0,0,0,- ,- ,32.79288864,-115.5569077,IMPERIAL,EL CENTRO,-115.5569611,32.79281998
9429191,2021,4/8/2022,1304,7/31/2021,2039,332,,6,5,4,1304,0,0,0,,0,EAST,MAIN ST,MCCULLOM,888,E,N,A,-,N,,,,,,,,,,N,2,0,1,2,A,-,5,21651,B,F,D,G,A,A,H,-,C,D,0,,Y,,,Y,Y,L,4,1,0,0,0,0,0,1,0,0,- ,- ,,,IMPERIAL,EL CENTRO,-115.5347061,32.79281998
7159507,2016,2/12/2016,1304,1/15/2016,1238,343,,5,5,4,1304,0,0,0,,0,WEST,ROSS AV,WATERMAN AV,0,,Y,A,-,N,,,,,,,,,,Y,3,0,1,2,A,-,9,21800,A,N,D,C,A,A,H,-,A,A,0,,,,,Y,,A,1,0,1,0,0,0,0,0,0,0,- ,- ,32.78137,-115.57384,IMPERIAL,EL CENTRO,-115.5739301,32.78146005
7173720,2016,2/25/2016,1304,1/14/2016,743,314,,4,5,4,1304,0,0,0,,0,,6TH,AURORA,38,S,N,A,-,N,,,,,,,,,,N,4,0,1,2,A,-,3,22350,,N,C,C,A,A,H,-,A,A,0,,,,,Y,,A,1,0,0,1,0,0,0,0,0,0,- ,- ,,,IMPERIAL,EL CENTRO,-115.5568,32.77831614
7183656,2016,2/14/2017,1304,1/12/2016,1214,331,,2,5,4,1304,0,0,0,,0,,IMPERIAL AV,EUCLID,0,,Y,A,-,Y,IMP,11,86,-,-,7.4,H,-,S,N,4,0,3,2,A,-,3,22350,,N,C,C,A,A,H,-,A,D,0,,,,,Y,,A,1,0,0,3,0,0,0,0,0,0,- ,- ,32.7979,-115.57,IMPERIAL,EL CENTRO,-115.5699681,32.79793998
7189018,2016,2/24/2016,1304,1/28/2016,1540,342,1,4,5,4,1304,0,0,0,,0,WEST,ROSS,WATERMAN,0,,Y,A,-,N,,,,,,,,,,Y,4,0,1,2,A,-,12,22450,A,N,D,C,A,A,H,-,A,D,0,,,,,Y,,A,1,0,0,1,0,0,0,0,0,0,- ,- ,32.7815,-115.5739,IMPERIAL,EL CENTRO,-115.5739301,32.78146005